{"bulk_struct_test": "bulk_Si_diamond", "bulk_E_per_atom": -163.1752945852011, "defects": {"ind_0_Z_14": {"Ef0": 3.6877721067394305, "Ef": 3.612182057600876, "unrelaxed_filename": "Si-model-pACE_B8_N4_18_07_rid_1.1-test-point_defect_Si_diamond_vacancy-ind_0_Z_14-unrelaxed.xyz", "relaxed_filename": "Si-model-pACE_B8_N4_18_07_rid_1.1-test-point_defect_Si_diamond_vacancy-ind_0_Z_14-relaxed.xyz", "atom_ind": 0, "Z": 14, "vac_pos": [2.718386446245586, 2.718393293273797, 0.015357204334490926]}}}