{"bulk_struct_test": "bulk_Si_diamond", "bulk_E_per_atom": -163.17542581630642, "defects": {"ind_0_Z_14": {"Ef0": 3.6942800319957314, "Ef": 3.622588537275078, "unrelaxed_filename": "Si-model-pACE_B8_N4_18_07_rid_1.05-test-point_defect_Si_diamond_vacancy-ind_0_Z_14-unrelaxed.xyz", "relaxed_filename": "Si-model-pACE_B8_N4_18_07_rid_1.05-test-point_defect_Si_diamond_vacancy-ind_0_Z_14-relaxed.xyz", "atom_ind": 0, "Z": 14, "vac_pos": [2.718204166076113, 2.7181736679322657, 0.015019579293222993]}}}