{"surface_decohesion_unrelaxed_opening": [0.0, 0.1, 0.2, 0.30000000000000004, 0.4, 0.5, 0.6000000000000001, 0.7, 0.8, 0.8999999999999999, 1.0, 1.0999999999999999, 1.2000000000000002, 1.3, 1.4, 1.5, 1.6, 1.7, 1.7999999999999998, 1.9, 2.0, 2.0999999999999996, 2.1999999999999997, 2.3000000000000003, 2.4000000000000004, 2.5, 2.6, 2.7, 2.8, 2.9, 3.0], "surface_decohesion_unrelaxed_energy": [0.0, 0.0011389719839561534, 0.00453260487097552, 0.009474966027986607, 0.01555034195315971, 0.022443953640122364, 0.0298259062952522, 0.037331853548652094, 0.04463839304386111, 0.05151765461878682, 0.057829127448631036, 0.06350358508236774, 0.06856901504514464, 0.07309215133493799, 0.07709289471954173, 0.08061278241111536, 0.08370526965049584, 0.08628430095741797, 0.08834727236112011, 0.08995264557833349, 0.09122785664280962, 0.09227948705088648, 0.09314643439263301, 0.09384479563732627, 0.09439249320335436, 0.09480993863331373, 0.09512007938579962, 0.09534905182040995, 0.09552530787792902, 0.09567666861655943, 0.09580812745673822], "surface_decohesion_unrelaxed_stress": [-0.002471468667082065, 0.023956966350541366, 0.042621749394182194, 0.055635857393643406, 0.0653669334967699, 0.07196603698334969, 0.07503584883260611, 0.07452756494211774, 0.07122849385718982, 0.06613249173316528, 0.059963571353247515, 0.053591136761272515, 0.04786850949706932, 0.04259181282755647, 0.03748062942461842, 0.03310460175929126, 0.02847221146684009, 0.02315210876242682, 0.018179434802181878, 0.014180490656311719, 0.011516131023254847, 0.009560229427258636, 0.00780028376241199, 0.006197893116287033, 0.004789908094080251, 0.0035967643870162026, 0.0026506198312139396, 0.001974151901013681, 0.0016096273286125384, 0.0014158426690211402, 0.0012115893595794614]}