{"surface_decohesion_unrelaxed_opening": [0.0, 0.09999999999999999, 0.19999999999999998, 0.3, 0.39999999999999997, 0.5, 0.6, 0.7000000000000001, 0.7999999999999999, 0.8999999999999999, 1.0, 1.1, 1.2, 1.3, 1.4000000000000001, 1.5, 1.5999999999999999, 1.7, 1.7999999999999998, 1.9, 2.0, 2.1, 2.2, 2.3, 2.4, 2.5, 2.6, 2.7, 2.8000000000000003, 2.9000000000000004, 3.0, 3.0999999999999996, 3.1999999999999997, 3.3, 3.4, 3.5], "surface_decohesion_unrelaxed_energy": [0.0, 0.0020908414865051946, 0.009252774471503614, 0.020829753576296694, 0.035995478633187604, 0.053659203884747424, 0.0723600139719709, 0.09063727021652264, 0.10778031767555926, 0.12376057797653268, 0.1388729423367703, 0.15337141017778308, 0.16736856842162473, 0.18080699870403746, 0.19286829100193284, 0.20133501685304056, 0.207901723778533, 0.21405303981746251, 0.21986171806014798, 0.2253784707123889, 0.23060802185671755, 0.23550957749550383, 0.24009734148102127, 0.24466494641189016, 0.2489343029182934, 0.2525242666191842, 0.2552486660713337, 0.25722025823305267, 0.25879937186008617, 0.26045162637955493, 0.2625085599128905, 0.2648683811024356, 0.2667859586151304, 0.2671646181694076, 0.26716461818569603, 0.26716461818569603], "surface_decohesion_unrelaxed_stress": [-0.006524060163480598, 0.047302381125551275, 0.09489776980638388, 0.1352739023426585, 0.16628774567350138, 0.18445862421685746, 0.18681381762256788, 0.17762809524612666, 0.16528291250057797, 0.15493948755186426, 0.14773787712829425, 0.14243396997246996, 0.1373950255274617, 0.1310535837053131, 0.10338231706052703, 0.07125769252267312, 0.06258989614678652, 0.05992341182284132, 0.05651628501029723, 0.05377437498376003, 0.05077532895174884, 0.04705751270269314, 0.04567420896658822, 0.04490671892254345, 0.03980775846140455, 0.03164185345065931, 0.023055722327165164, 0.01701500565673557, 0.015405428708469003, 0.01830432390445311, 0.02265291725784801, 0.023586648750574847, 0.011322448807053957, 1.0668030373065879e-05, -5.333811581899785e-06, 1.0667704605504803e-05]}