{"bulk_struct_test": "bulk_Si_diamond", "bulk_E_per_atom": -163.17519580888376, "defects": {"ind_0_Z_14": {"Ef0": 3.73170351207591, "Ef": 3.6835352669768326, "unrelaxed_filename": "Si-model-pACE_B8_N4_18_07_lap_1.1_5-test-point_defect_Si_diamond_vacancy-ind_0_Z_14-unrelaxed.xyz", "relaxed_filename": "Si-model-pACE_B8_N4_18_07_lap_1.1_5-test-point_defect_Si_diamond_vacancy-ind_0_Z_14-relaxed.xyz", "atom_ind": 0, "Z": 14, "vac_pos": [2.7260674918826, 2.7260796750770315, 0.016492936541155412]}}}