{"energies": [-162.7835562774192, -162.57144748927277, -162.83640150318075, -162.71523468527172, -162.8555522524677, -162.7252499167205, -162.15091328915102, -162.76840865539378, -162.80592551211097, -162.84471075686977, -162.82134470432115, -162.68634724758206, -162.70263179708508, -162.7814598655016, -162.73304146228858, -162.78954996056916, -162.73865198593137, -162.83642120753404, -162.73802378895394, -162.74616042533845, -162.81938834533736, -162.7737435932727, -162.81266574727601, -162.33074621384918, -162.72283279761191, -162.98425185549956, -162.7124750211726, -162.2714982045793, -162.82688769359768, -162.91027277641788, -162.70230981609794, -162.42576203232318, -162.83203434260884, -162.7247073085109, -162.89182408737992, -162.9861863612816, -162.93859931044994, -162.8760002555189, -162.95527850795878, -162.90426215375004, -162.52630502159326, -162.8199810398127, -162.95543434250717, -162.93713414190657, -162.6855489935785, -162.928852781642, -162.829961558005, -162.84110632148352, -162.68761423249293, -162.83642345024887, -162.76042550682456, -162.77057814267383, -162.70632490251197, -162.83497351595625, -162.86213026775636, -158.54489868837558, -162.77643158331483, -162.41916448870242, -162.6689260615233, -162.85674473520817, -162.62281573765085, -156.80134583247698, -162.69523841006972, -162.8395563606181, -162.9025016102921, -162.86134459284148, -162.40904549528202, -162.7454348733609, -162.6218451849666, -162.8938019055363, -162.70291899408954, -162.49218551333513, -162.55518716678802, -162.84760194252055, -162.93639903654915, -162.7624288540868, -162.8573393181561, -162.74455586133698, -163.0820287539285, -162.86163675698944, -163.02876659507814, -162.9257490457776, -162.6842087216224, -162.76014869979448, -162.6206493197462, -162.83642338123397, -162.99275637542675, -162.78944092261227, -162.51754511782195, -162.75125528902578, -162.80970318261686, -162.76602821358358, -162.9163867718479, -162.59489922214513, -162.59714555417946, -162.7037584896643, -162.86288239452395, -162.8791372861734, -162.8654141015534, -162.74382640154894], "volumes": [15.502198941406931, 19.755209597082388, 15.154524660934618, 24.73882016803183, 20.99317774056621, 17.44568378558461, 16.576950890704857, 19.641727151592185, 15.667495434240474, 19.872871486037265, 24.09982321852744, 30.440587520381474, 20.739309628627634, 21.22380560339693, 19.515617387965854, 16.798713858001257, 20.799673199476935, 15.144877756150654, 23.003344318130864, 26.750629758104953, 18.894890059965192, 17.348586534835107, 18.50701294088765, 33.00644726072072, 23.080933238538442, 19.6555926471915, 17.221385513598875, 50.3464195666237, 17.99185186588631, 21.704566656568886, 19.40834297286777, 31.146156433765935, 19.257753361136828, 16.185659064111857, 21.01728720519325, 18.125773760974226, 18.54518317931191, 15.487758645625526, 21.034861135996287, 19.879364513867817, 41.89342222263311, 25.375765483435064, 22.902015414779058, 21.077788837335806, 22.11531286496458, 20.45516773337012, 22.959137545861665, 19.04384955868318, 15.730811462095048, 15.156680263062265, 18.17295197185406, 21.47968569440877, 23.670997070889925, 19.49585163332494, 19.63587174041643, 1407.4748664422305, 18.937879733029074, 42.35796432611392, 26.200048496390004, 15.386240523525327, 25.41073107486682, 13.401322644732327, 17.54360722967865, 17.607629017296556, 19.88350220602057, 19.343758766013334, 35.9020179186797, 18.459755176659364, 17.099941929891923, 20.889829359660332, 18.467417043887988, 33.882508923093994, 27.04966011224316, 31.534408725666744, 21.764051234113193, 21.58038172062689, 19.11075205737699, 19.21644233934718, 21.762432407891627, 19.89131421943162, 20.463077886962687, 23.806824861969165, 16.528100577235563, 16.982951306577313, 28.947094958050588, 15.157308644838265, 21.648327424256696, 17.68532208355296, 46.50336979877607, 21.184507826305314, 18.331876928058985, 16.43261955905122, 20.532538310877218, 32.884059751684624, 32.85217493496187, 29.99023667842071, 20.375832277427186, 20.37095394130012, 18.10018432041687, 17.97774569281336]}