{"surface_decohesion_unrelaxed_opening": [0.0, 0.09999999999999999, 0.19999999999999998, 0.3, 0.39999999999999997, 0.5, 0.6, 0.7000000000000001, 0.7999999999999999, 0.8999999999999999, 1.0, 1.1, 1.2, 1.3, 1.4000000000000001, 1.5, 1.5999999999999999, 1.7, 1.7999999999999998, 1.9, 2.0, 2.1, 2.2, 2.3, 2.4, 2.5, 2.6, 2.7, 2.8000000000000003, 2.9000000000000004, 3.0, 3.0999999999999996, 3.1999999999999997, 3.3, 3.4, 3.5], "surface_decohesion_unrelaxed_energy": [0.0, 0.0020922490099532383, 0.009123145992848873, 0.020205922883972213, 0.03439999668304811, 0.050822408205432115, 0.06869134363128931, 0.08731153241606061, 0.10603683361264761, 0.12431826246720004, 0.1414316644007712, 0.15665448906273705, 0.17013608458416077, 0.18189832602237882, 0.1919534384649233, 0.20056783195823585, 0.2081878393914573, 0.21530277924602298, 0.222245212078957, 0.2289720363492226, 0.23483370557129418, 0.23859834546492623, 0.2415093220956961, 0.24422734359150486, 0.24681565049871618, 0.24930555586132935, 0.25168367962109894, 0.25389987932030333, 0.2558860175323535, 0.2575811647872449, 0.25895659444133784, 0.2600333311098528, 0.260895673666185, 0.26174715331600285, 0.26269530024300247, 0.2638124596261356], "surface_decohesion_unrelaxed_stress": [-0.006669855796115928, 0.047065282979712526, 0.09210310366273208, 0.12793251858992827, 0.15447234268353172, 0.17267267031974154, 0.1835773844847385, 0.1876915180601586, 0.18602124271537765, 0.17842541261251582, 0.16212203047826518, 0.14317326334053326, 0.1263175216612908, 0.10887175880355342, 0.09271605954736904, 0.08034918108268402, 0.07291924391791664, 0.0700222618792644, 0.06871288919001753, 0.06520389445665364, 0.04812633775348098, 0.03108002800053105, 0.027822045976449734, 0.02650173189102949, 0.025360878550039486, 0.024401122003546556, 0.02307550710725454, 0.021126553336655286, 0.018488416883762623, 0.015358343136540626, 0.012195517839604677, 0.009424575183278067, 0.008278558172698791, 0.008875858310427392, 0.01020680589011469, 0.012256107433096231]}