{"surface_decohesion_unrelaxed_opening": [0.0, 0.1, 0.2, 0.30000000000000004, 0.4, 0.5, 0.6000000000000001, 0.7, 0.8, 0.8999999999999999, 1.0, 1.0999999999999999, 1.2000000000000002, 1.3, 1.4, 1.5, 1.6, 1.7, 1.7999999999999998, 1.9, 2.0, 2.0999999999999996, 2.1999999999999997, 2.3000000000000003, 2.4000000000000004, 2.5, 2.6, 2.7, 2.8, 2.9, 3.0], "surface_decohesion_unrelaxed_energy": [0.0, 0.0011157140160457338, 0.00442367545598793, 0.009194225901475974, 0.01497216924743657, 0.02147033271434903, 0.02837086853778518, 0.03539006641988698, 0.042175787830023896, 0.04831486254414928, 0.054294100465002076, 0.06033617697829959, 0.06627048834629613, 0.07118992126990296, 0.07406678031730202, 0.07664162571344145, 0.07907013083515402, 0.0813685480092518, 0.08381838753578047, 0.08624165020026672, 0.08848262615117479, 0.09051062355122243, 0.09241509010044811, 0.09431841080983902, 0.09623518022347317, 0.09796151889025931, 0.09906202804405223, 0.09919963279920467, 0.09919963279920467, 0.09919963293309789, 0.09919963293309789], "surface_decohesion_unrelaxed_stress": [-0.0024387409496465957, 0.02343569927525046, 0.04140620752828263, 0.05329482717452613, 0.061869297517072125, 0.06751118714337691, 0.07004693261987853, 0.06989309354324788, 0.06452827197429083, 0.05973770228745798, 0.06007029792522314, 0.06062053903615902, 0.056739182368961645, 0.03803506023609446, 0.025009335816837813, 0.025478729802708776, 0.02317626050788738, 0.023623897040053132, 0.024775852350693996, 0.023465759287618494, 0.021288268960660144, 0.01945036539841176, 0.01888418792389369, 0.019246500664510776, 0.018732513108814373, 0.015116689312841214, 0.0056061642571932115, -0.000397929073254129, 0.0001136946903960994, -5.6845671532624405e-05, 0.00011369201253087759]}