{"surface_decohesion_unrelaxed_opening": [0.0, 0.1, 0.2, 0.30000000000000004, 0.4, 0.5, 0.6000000000000001, 0.7, 0.8, 0.8999999999999999, 1.0, 1.0999999999999999, 1.2000000000000002, 1.3, 1.4, 1.5, 1.6, 1.7, 1.7999999999999998, 1.9, 2.0, 2.0999999999999996, 2.1999999999999997, 2.3000000000000003, 2.4000000000000004, 2.5, 2.6, 2.7, 2.8, 2.9, 3.0], "surface_decohesion_unrelaxed_energy": [0.0, 0.0011424946694063198, 0.004481423865932716, 0.009273691948123877, 0.015094680286568084, 0.021681181168204153, 0.028778582477152124, 0.03609183244806463, 0.04332843617230627, 0.050239259556397076, 0.056654666532511944, 0.06248070578065829, 0.06770160703890055, 0.07233860282503683, 0.0763944817874568, 0.07986248302168979, 0.08272053089118413, 0.08500551616021813, 0.0867702768431251, 0.08803475052151764, 0.08901975578796753, 0.08991513259705748, 0.090752815379415, 0.09154509892316497, 0.09229188102893109, 0.0929834711647027, 0.0936081591335513, 0.09415572370036482, 0.09461921881823328, 0.09499460803824289, 0.0952784034617333], "surface_decohesion_unrelaxed_stress": [-0.002281259838222237, 0.023769136278006114, 0.04164743070417934, 0.05357705926680313, 0.062442024847669225, 0.06887951794492839, 0.07255696909013809, 0.07321214409033375, 0.07109006540315094, 0.06685040754703593, 0.0612952152148765, 0.05521211832129535, 0.04926452669159925, 0.04346668624366217, 0.0376549707904398, 0.03162983649416778, 0.025607156344709392, 0.020232532282845758, 0.014955093082137043, 0.01082412622759127, 0.009232770352769763, 0.00865625462752373, 0.008133998880560366, 0.007706739633459983, 0.0072110120710811, 0.006600379328347566, 0.00587581375413607, 0.0050639417249719754, 0.0042002098864354475, 0.0033017488656285413, 0.002368333956051028]}