{"surface_decohesion_unrelaxed_opening": [0.0, 0.1, 0.2, 0.30000000000000004, 0.4, 0.5, 0.6000000000000001, 0.7, 0.8, 0.8999999999999999, 1.0, 1.0999999999999999, 1.2000000000000002, 1.3, 1.4, 1.5, 1.6, 1.7, 1.7999999999999998, 1.9, 2.0, 2.0999999999999996, 2.1999999999999997, 2.3000000000000003, 2.4000000000000004, 2.5, 2.6, 2.7, 2.8, 2.9, 3.0], "surface_decohesion_unrelaxed_energy": [0.0, 0.0011314068908298775, 0.0044767289075805, 0.009306811308128077, 0.015199166072820774, 0.021873718889875056, 0.029065368417831222, 0.03648670960712347, 0.043826780013968, 0.05082187921394756, 0.057262348777339156, 0.0630102565899264, 0.06805746287786171, 0.07247639706349399, 0.0763102727886793, 0.07963134439125158, 0.0825168305519438, 0.08497472257847, 0.08701173014849753, 0.08864307236589611, 0.08998959959638231, 0.0911587657609458, 0.09216803671143259, 0.09302717380240495, 0.09373809034892792, 0.09431058673279014, 0.09475872171689176, 0.09510093773663898, 0.09535882528969924, 0.09555605462668612, 0.09571516769764339], "surface_decohesion_unrelaxed_stress": [-0.0024270340337864, 0.023719408194143227, 0.04185126848462846, 0.054137650386288816, 0.06327124492742453, 0.06978459735642237, 0.07357643599719932, 0.07429938017223328, 0.07206839119797093, 0.06748214324060567, 0.061070098740741596, 0.053888783075793416, 0.04722819197176055, 0.04118266324419078, 0.035625452376004896, 0.030963947084518474, 0.026715492183856455, 0.022475429796607688, 0.018229776526325077, 0.01465595772087561, 0.012482476026714491, 0.010884940023757271, 0.00933087732976469, 0.007843791900957936, 0.006395564191264134, 0.0050763392455422576, 0.003918019865482294, 0.0029621114079932303, 0.0022366416867690667, 0.0017448285463445073, 0.0014743163661772017]}