{"surface_decohesion_unrelaxed_opening": [0.0, 0.1, 0.2, 0.30000000000000004, 0.4, 0.5, 0.6000000000000001, 0.7, 0.8, 0.8999999999999999, 1.0, 1.0999999999999999, 1.2000000000000002, 1.3, 1.4, 1.5, 1.6, 1.7, 1.7999999999999998, 1.9, 2.0, 2.0999999999999996, 2.1999999999999997, 2.3000000000000003, 2.4000000000000004, 2.5, 2.6, 2.7, 2.8, 2.9, 3.0], "surface_decohesion_unrelaxed_energy": [0.0, 0.0011441890246815685, 0.004467897433257636, 0.00922823420311709, 0.014992169026578612, 0.021472099865015835, 0.028403364949116588, 0.03550165471778529, 0.04251076380041735, 0.04922025369087395, 0.055488062095385184, 0.0612269955019224, 0.06641851735599673, 0.07107753260024585, 0.07518511389523355, 0.07872050876285464, 0.08166117155143086, 0.08402761006024838, 0.08587757874431914, 0.08724874400279478, 0.08836151572637989, 0.08938830516808402, 0.09034544130029463, 0.09122752372786956, 0.0920259595981367, 0.09272792447210074, 0.09332496690815473, 0.09381598803373845, 0.09420773615618253, 0.09451188872621066, 0.09473333131042405], "surface_decohesion_unrelaxed_stress": [-0.002175862950934089, 0.02369956530542682, 0.04141452472695586, 0.05316369113981531, 0.06165885851341233, 0.06751684466349775, 0.07060964050873579, 0.070931238884643, 0.06888736949171506, 0.06507725234115658, 0.06012256999269372, 0.05463472201952227, 0.04925219974756279, 0.0438725919399289, 0.03825532866982723, 0.0323953782590261, 0.026444887979987997, 0.021038108742835543, 0.015894892835318787, 0.01201633819228103, 0.010557863857377371, 0.009939041336886195, 0.00920373801252114, 0.008422563406595751, 0.007521557296357171, 0.006503229734911095, 0.005435743064540619, 0.0043957048560570875, 0.0034645149520640614, 0.0026232561098534593, 0.0018103152357683962]}