{"surface_decohesion_unrelaxed_opening": [0.0, 0.09999999999999999, 0.19999999999999998, 0.3, 0.39999999999999997, 0.5, 0.6, 0.7000000000000001, 0.7999999999999999, 0.8999999999999999, 1.0, 1.1, 1.2, 1.3, 1.4000000000000001, 1.5, 1.5999999999999999, 1.7, 1.7999999999999998, 1.9, 2.0, 2.1, 2.2, 2.3, 2.4, 2.5, 2.6, 2.7, 2.8000000000000003, 2.9000000000000004, 3.0, 3.0999999999999996, 3.1999999999999997, 3.3, 3.4, 3.5], "surface_decohesion_unrelaxed_energy": [0.0, 0.0010109475753696498, 0.004196761681505079, 0.008985519867262272, 0.014963890864514854, 0.021839699147498864, 0.029364691523980878, 0.037299783242343745, 0.04533442685405015, 0.053161516448095775, 0.06051464900031256, 0.06715755405600114, 0.07303984766585347, 0.0784548917812443, 0.08343406417113806, 0.08797333930562139, 0.09193962944750221, 0.09516120516566245, 0.09785215168265683, 0.10026215483496924, 0.10247369229413432, 0.10448596480233681, 0.10626998446543906, 0.10778927501586544, 0.10892594083489271, 0.10952211274217409, 0.10990783856576351, 0.11018188006175306, 0.11038790343095915, 0.11055902834582851, 0.1107351817170499, 0.11095023155450509, 0.11122719973659732, 0.11155225712267156, 0.11183032825325254, 0.112002762633034], "surface_decohesion_unrelaxed_stress": [-0.0027862560431523723, 0.021994507979035384, 0.04071107457216322, 0.05439836248909044, 0.06470935096176812, 0.07238961207093467, 0.07775622053847384, 0.08038802862051633, 0.07978372488153959, 0.07632906802588646, 0.07030666740278615, 0.062325390600129676, 0.05614773016292401, 0.05200382050546868, 0.04766348297373783, 0.04289567333089317, 0.03592078199361452, 0.029057174495881403, 0.02522618707749828, 0.023066567273328287, 0.021153762173513384, 0.019032683053645454, 0.016604270751045265, 0.01364954034803281, 0.00847625894043476, 0.004430555679487479, 0.003258450267738797, 0.0023286628369264383, 0.0018288443404252531, 0.0016704083236346334, 0.0019078709477580347, 0.002434204145631352, 0.0031158530561408914, 0.003163150674799402, 0.0023253997443162004, 0.0010504156588092553]}