{"surface_decohesion_unrelaxed_opening": [0.0, 0.1, 0.2, 0.30000000000000004, 0.4, 0.5, 0.6000000000000001, 0.7, 0.8, 0.8999999999999999, 1.0, 1.0999999999999999, 1.2000000000000002, 1.3, 1.4, 1.5, 1.6, 1.7, 1.7999999999999998, 1.9, 2.0, 2.0999999999999996, 2.1999999999999997, 2.3000000000000003, 2.4000000000000004, 2.5, 2.6, 2.7, 2.8, 2.9, 3.0], "surface_decohesion_unrelaxed_energy": [0.0, 0.001134783397899859, 0.004505453602314924, 0.009416233712194575, 0.015460609137559624, 0.022333531677656098, 0.029712487123953246, 0.03723192634996909, 0.04456213593993187, 0.05146877277255405, 0.05780316111648005, 0.06348709448427005, 0.06855565927588261, 0.07309565343823761, 0.07712679671167896, 0.08068712585688931, 0.08382287411776174, 0.08644410517674066, 0.08853848743695715, 0.09014669618313953, 0.09140637013091053, 0.09244110161362545, 0.09328983965167559, 0.09396749530959563, 0.0944932662066752, 0.09489016643916201, 0.09518377366578368, 0.09540234906892918, 0.09557554553473649, 0.09573105710945214, 0.09586865027278146], "surface_decohesion_unrelaxed_stress": [-0.002384622945742391, 0.023803779457657093, 0.04233311318456172, 0.05530727723293741, 0.06509244394102968, 0.0718418859667895, 0.07509635178362076, 0.07472454706811749, 0.07149492442326799, 0.0664011479163597, 0.060131239207738996, 0.053623546604164136, 0.047949519157681184, 0.042835145384136915, 0.037844022379661675, 0.0335329376567682, 0.028906549175748628, 0.023550245235778186, 0.01836086945700193, 0.014084007128180172, 0.011339582848877849, 0.009389824390885902, 0.007605205210529714, 0.005981165646100339, 0.004572928855056944, 0.003407252820663429, 0.00251328363554529, 0.0019050915301704022, 0.0016195063123571752, 0.0014781244360905295, 0.0012611380846296722]}