{"surface_decohesion_unrelaxed_opening": [0.0, 0.1, 0.2, 0.30000000000000004, 0.4, 0.5, 0.6000000000000001, 0.7, 0.8, 0.8999999999999999, 1.0, 1.0999999999999999, 1.2000000000000002, 1.3, 1.4, 1.5, 1.6, 1.7, 1.7999999999999998, 1.9, 2.0, 2.0999999999999996, 2.1999999999999997, 2.3000000000000003, 2.4000000000000004, 2.5, 2.6, 2.7, 2.8, 2.9, 3.0], "surface_decohesion_unrelaxed_energy": [0.0, 0.0011406251344039328, 0.004518949474619351, 0.009437832868632503, 0.01549193594409416, 0.02237312316507094, 0.029754923798817515, 0.037270458366227166, 0.04459105575784534, 0.051486053454883995, 0.05781065763055554, 0.06349038583884387, 0.0685596588364191, 0.07310209590956246, 0.07713693040096709, 0.08069973945570828, 0.08383295425228621, 0.0864464911897291, 0.0885280663722825, 0.09011932769835275, 0.09136334788937774, 0.09238662135164802, 0.09322801608852417, 0.09390180415283511, 0.09442619862872871, 0.09482347707673834, 0.0951185309653914, 0.09533904858004873, 0.09551425206001268, 0.09567159831835423, 0.09581060833915069], "surface_decohesion_unrelaxed_stress": [-0.0023430059451963947, 0.0238751280031859, 0.04241097817103333, 0.05539719133953775, 0.06518985055506012, 0.07190211533337482, 0.07509132375314104, 0.0746526456887481, 0.07138205226270142, 0.06628699792015134, 0.060058012237999274, 0.053610924646648024, 0.04796832535131522, 0.04286707606964737, 0.03788151730653528, 0.03353616108858717, 0.028854553878689543, 0.023448175417279546, 0.018206108052082, 0.013912487633102256, 0.011202386928364855, 0.009296774252295152, 0.007550562036846833, 0.005956461635930599, 0.00456906762556712, 0.003417455578898016, 0.0025310801587227084, 0.0019253688855231, 0.0016390771378232284, 0.0014948147123487225, 0.0012723523869216647]}