{"bulk_struct_test": "bulk_Si_diamond", "bulk_E_per_atom": -163.17504142695938, "defects": {"ind_0_Z_14": {"Ef0": 3.681962991900946, "Ef": 3.61100468575205, "unrelaxed_filename": "Si-model-pACE_B8_N4_18_07_lap_1.05-test-point_defect_Si_diamond_vacancy-ind_0_Z_14-unrelaxed.xyz", "relaxed_filename": "Si-model-pACE_B8_N4_18_07_lap_1.05-test-point_defect_Si_diamond_vacancy-ind_0_Z_14-relaxed.xyz", "atom_ind": 0, "Z": 14, "vac_pos": [2.7197905928299737, 2.719792867805301, 0.016145063551864732]}}}