{"surface_decohesion_unrelaxed_opening": [0.0, 0.1, 0.2, 0.30000000000000004, 0.4, 0.5, 0.6000000000000001, 0.7, 0.8, 0.8999999999999999, 1.0, 1.0999999999999999, 1.2000000000000002, 1.3, 1.4, 1.5, 1.6, 1.7, 1.7999999999999998, 1.9, 2.0, 2.0999999999999996, 2.1999999999999997, 2.3000000000000003, 2.4000000000000004, 2.5, 2.6, 2.7, 2.8, 2.9, 3.0], "surface_decohesion_unrelaxed_energy": [0.0, 0.0011316789316646839, 0.004478533522191516, 0.00933576901107688, 0.015308590300822924, 0.02211760181458873, 0.02946140079687916, 0.03699135077163939, 0.04436651552643982, 0.051338492554079455, 0.057740788158444356, 0.06348034523422198, 0.06860035424462585, 0.07320582125943566, 0.07730768722645096, 0.08092519708398514, 0.0840699021561406, 0.08669006910553721, 0.08876134310084773, 0.09026105748542734, 0.0913690819709517, 0.09227545966661031, 0.093018920036181, 0.09361862153588202, 0.09409027581216205, 0.09445599579876264, 0.09474007721090623, 0.09496854219306122, 0.09516686911115806, 0.09535656302686078, 0.0955366911094886], "surface_decohesion_unrelaxed_stress": [-0.002357012573461157, 0.023691629408856205, 0.04194650060378182, 0.05464507055838226, 0.06437492052163146, 0.07131023146044754, 0.07496846851826525, 0.07502836317801145, 0.07207152065650874, 0.06709980766915571, 0.060757427627004736, 0.05412606222710144, 0.04852530605003422, 0.043536994329170874, 0.03854670608803555, 0.03385745605517201, 0.028889917581966518, 0.02352903426352368, 0.017737173705152872, 0.012651922312569428, 0.00988730314768691, 0.008230930532171709, 0.00668411668050573, 0.005327458823956289, 0.0041467213031000354, 0.0032068838500626975, 0.002519785258975756, 0.0020903669429916264, 0.0019225039766118212, 0.0018602421645478864, 0.0017311873151134429]}