{"surface_decohesion_unrelaxed_opening": [0.0, 0.1, 0.2, 0.30000000000000004, 0.4, 0.5, 0.6000000000000001, 0.7, 0.8, 0.8999999999999999, 1.0, 1.0999999999999999, 1.2000000000000002, 1.3, 1.4, 1.5, 1.6, 1.7, 1.7999999999999998, 1.9, 2.0, 2.0999999999999996, 2.1999999999999997, 2.3000000000000003, 2.4000000000000004, 2.5, 2.6, 2.7, 2.8, 2.9, 3.0], "surface_decohesion_unrelaxed_energy": [0.0, 0.0011321542973738918, 0.004460703664536613, 0.00926325111051332, 0.015103777489227012, 0.021692221199319888, 0.02875456638950217, 0.036022942591114236, 0.04320310169047206, 0.050040562029104015, 0.056370145912567914, 0.06210499916323233, 0.06733630841504215, 0.07218183870867152, 0.0765813121673014, 0.08045446982664702, 0.08369716695811141, 0.08638347480651547, 0.08853364350209446, 0.09004824873901228, 0.09115611269332265, 0.09210427251662402, 0.09289850089197682, 0.09356066001415421, 0.09408879276836864, 0.0944866897698193, 0.09476951702340991, 0.09496163655478788, 0.09508959062480393, 0.09517495270866053, 0.09526752457643438], "surface_decohesion_unrelaxed_stress": [-0.0022900529798699477, 0.023618328625015422, 0.041637848415906606, 0.05376318210554096, 0.06260163790264159, 0.06869936894808953, 0.07212455331325485, 0.07272405955272179, 0.07043526750495446, 0.06606345356715387, 0.06032224488930606, 0.054580680899471545, 0.05033990658703433, 0.04636487911556576, 0.041550689518480996, 0.03561129634977587, 0.029479768806715687, 0.02433977781941503, 0.018255416235116253, 0.012581775215024727, 0.010091558641628922, 0.008732703546811063, 0.007249273130752455, 0.005961828856085027, 0.004612167736661522, 0.0033703928672215756, 0.0023279884456914326, 0.0015660568990702797, 0.001009991999847601, 0.000793459717718254, 0.0011541876781930016]}