{"B": 88.810217439942406, "c12": 57.523403533287755, "c11": 151.38384525325171, "E_vs_V": [[17.810988598616127, -163.0664086908508], [18.319873987148007, -163.10988532610546], [18.828759375679891, -163.14135897170343], [19.337644764211802, -163.1623186809442], [19.846530152743675, -163.17407908173888], [20.355415541275576, -163.17779158878503], [20.86430092980746, -163.1744678303302], [21.373186318339357, -163.16500928944993], [21.882071706871262, -163.15020272752062], [22.390957095403131, -163.1306956287047], [22.899842483935011, -163.10696484343256], [23.408727872466905, -163.07932039246145]], "c44": 67.863738907524706, "a0": 5.4608048066315646}