{"surface_decohesion_unrelaxed_energy": [0.0, 0.002141021200514725, 0.009448428815686862, 0.021154263590789105, 0.03645169327151133, 0.0544834705814748, 0.07347955649192912, 0.09155517030709884, 0.10928463934769506, 0.12560948938285485, 0.14136403664980565, 0.1556728660926695, 0.1689245289522093, 0.18105788008217785, 0.1918949167725485, 0.2015892114511139, 0.21006745536196095, 0.217642048213099, 0.22433718483050924, 0.23017719648844195, 0.23538372073691724, 0.23988544104131188, 0.24394093151897625, 0.24758929467857696, 0.25078766297441474, 0.2535477393422881, 0.25596511610619577, 0.25811133228131095, 0.26000079246863655, 0.2616435869242158, 0.2630646803700723, 0.26427915630405546, 0.2653101362456894, 0.26617567548387966, 0.2668940151586819, 0.2674801973399541], "surface_decohesion_unrelaxed_opening": [0.0, 0.09999999999999999, 0.19999999999999998, 0.3, 0.39999999999999997, 0.5, 0.6, 0.7000000000000001, 0.7999999999999999, 0.8999999999999999, 1.0, 1.1, 1.2, 1.3, 1.4000000000000001, 1.5, 1.5999999999999999, 1.7, 1.7999999999999998, 1.9, 2.0, 2.1, 2.2, 2.3, 2.4, 2.5, 2.6, 2.7, 2.8000000000000003, 2.9000000000000004, 3.0, 3.0999999999999996, 3.1999999999999997, 3.3, 3.4, 3.5], "surface_decohesion_unrelaxed_stress": [-0.006916513119699065, 0.04848954060421394, 0.09641121517344918, 0.1362628704102209, 0.1686352368604006, 0.18907239186874752, 0.18591109227714336, 0.17943423079139897, 0.17050447023024107, 0.160177460560318, 0.15116760659180212, 0.1370534143669137, 0.12743350501265388, 0.1147629852677187, 0.1026261885266465, 0.09067220169377851, 0.07986116238061411, 0.07146825164331988, 0.062357715102555604, 0.055155336206744426, 0.04841701726270502, 0.04242393132853377, 0.03860358088492682, 0.03427735424971173, 0.029688945779385578, 0.025720202544079175, 0.022753837997729044, 0.02017223363569019, 0.01762751833273207, 0.015285332320526552, 0.013147789428234219, 0.011190591361725805, 0.009453521393380446, 0.00789089845948026, 0.0064992521584680074, 0.0052477485888802146]}