{"surface_decohesion_unrelaxed_opening": [0.0, 0.09999999999999999, 0.19999999999999998, 0.3, 0.39999999999999997, 0.5, 0.6, 0.7000000000000001, 0.7999999999999999, 0.8999999999999999, 1.0, 1.1, 1.2, 1.3, 1.4000000000000001, 1.5, 1.5999999999999999, 1.7, 1.7999999999999998, 1.9, 2.0, 2.1, 2.2, 2.3, 2.4, 2.5, 2.6, 2.7, 2.8000000000000003, 2.9000000000000004, 3.0, 3.0999999999999996, 3.1999999999999997, 3.3, 3.4, 3.5], "surface_decohesion_unrelaxed_energy": [0.0, 0.002077034656930902, 0.008993895858347527, 0.01984749798046653, 0.03373857689690221, 0.049840615486151804, 0.06741096324346264, 0.08575590633606706, 0.104201238613034, 0.12211569994599533, 0.1389941011638398, 0.15448804448120562, 0.16830418956091242, 0.1803623433009436, 0.1908051642316705, 0.19989047009284538, 0.20791002965886868, 0.21512283097797183, 0.22171748136157682, 0.2277940753467562, 0.23336577132006256, 0.2383534104787383, 0.24257756019995969, 0.24616116595231147, 0.24925090911840467, 0.2519546165875866, 0.2543425562002157, 0.2564523368542792, 0.2582984647471125, 0.2598839595538982, 0.26121146764726144, 0.2622918155889639, 0.263147412762328, 0.2638208013804279, 0.2643667369498745, 0.26482708749805195], "surface_decohesion_unrelaxed_stress": [-0.006429676889235928, 0.0464699246597958, 0.09036685400047843, 0.12517655904435948, 0.15126734097872385, 0.16954760221130288, 0.18071384057287815, 0.1850557609946415, 0.18277137653569775, 0.17465254116041742, 0.16240433534680446, 0.14690045350867248, 0.12929650253068678, 0.11214250096071797, 0.0971627337491822, 0.08505036779960956, 0.07578175786832526, 0.06879342728088239, 0.06326808408938996, 0.058271567425087045, 0.053094344964834214, 0.046131106675039855, 0.03873489473191703, 0.033161978604487635, 0.02881765840348618, 0.025370906839821523, 0.02244812669155658, 0.019768194394728916, 0.017156352136430405, 0.014555078048118526, 0.012013422675562237, 0.009626912301605468, 0.007557281570018531, 0.006013535162242376, 0.004968303407404483, 0.004301834736858964]}