{"surface_decohesion_unrelaxed_opening": [0.0, 0.09999999999999999, 0.19999999999999998, 0.3, 0.39999999999999997, 0.5, 0.6, 0.7000000000000001, 0.7999999999999999, 0.8999999999999999, 1.0, 1.1, 1.2, 1.3, 1.4000000000000001, 1.5, 1.5999999999999999, 1.7, 1.7999999999999998, 1.9, 2.0, 2.1, 2.2, 2.3, 2.4, 2.5, 2.6, 2.7, 2.8000000000000003, 2.9000000000000004, 3.0, 3.0999999999999996, 3.1999999999999997, 3.3, 3.4, 3.5], "surface_decohesion_unrelaxed_energy": [0.0, 0.0010097682821945057, 0.0042021284599675635, 0.008993148954516165, 0.014953948990431632, 0.02176533569095099, 0.02915587354959803, 0.03685863522488794, 0.04460368801235649, 0.05215975314424239, 0.05933070541273396, 0.06596461418943315, 0.07199909323173002, 0.07750107981612855, 0.082444403606127, 0.08680804459260859, 0.0905662225461888, 0.09373628399754803, 0.0965013958578235, 0.09895276009181346, 0.10113529412616001, 0.10307968438348906, 0.1048079421236052, 0.1063371388027814, 0.10766050292271963, 0.10877924776182765, 0.1097375273571892, 0.11055154638619097, 0.11122611910500076, 0.11176962772292798, 0.11219713500248978, 0.11252600959968569, 0.11277540688584879, 0.11295383699907505, 0.11306571735759707, 0.11312918573439835], "surface_decohesion_unrelaxed_stress": [-0.0028768826201854966, 0.022041445281956715, 0.040774955291385584, 0.05436015372215079, 0.06433904573393331, 0.07144926543516075, 0.07592162930041553, 0.07766320338128525, 0.07685999105719828, 0.07393036997055566, 0.06922905107190194, 0.06329925709755917, 0.057625555107744184, 0.052292491272325416, 0.04656379103486299, 0.040661287882624464, 0.034445625636493435, 0.029403391719585455, 0.025996006834206123, 0.023106863771552216, 0.020593486129680448, 0.018326920459995063, 0.016278271953693035, 0.014283624304002053, 0.012164054803733282, 0.01032342525245206, 0.008852977220544504, 0.007433624596270207, 0.00607027682872213, 0.004827708190950705, 0.003749367332145378, 0.0028662787831997046, 0.0021336740358281377, 0.001433847055168611, 0.0008402518959442776, 0.0004656074207533274]}