{"surface_decohesion_unrelaxed_opening": [0.0, 0.09999999999999999, 0.19999999999999998, 0.3, 0.39999999999999997, 0.5, 0.6, 0.7000000000000001, 0.7999999999999999, 0.8999999999999999, 1.0, 1.1, 1.2, 1.3, 1.4000000000000001, 1.5, 1.5999999999999999, 1.7, 1.7999999999999998, 1.9, 2.0, 2.1, 2.2, 2.3, 2.4, 2.5, 2.6, 2.7, 2.8000000000000003, 2.9000000000000004, 3.0, 3.0999999999999996, 3.1999999999999997, 3.3, 3.4, 3.5], "surface_decohesion_unrelaxed_energy": [0.0, 0.00208373400195427, 0.00903350989324497, 0.019956975511267436, 0.0339474396551327, 0.05015239329642594, 0.06781262776824822, 0.08624403120939877, 0.10479631162009807, 0.12279320112831749, 0.13965942697381764, 0.154977577524819, 0.168585708850146, 0.1804909257370532, 0.1908536178109969, 0.19995252138766673, 0.2080966237313495, 0.2155440389861442, 0.2224459738205211, 0.22881281996827432, 0.2344832928781685, 0.2391464785764212, 0.24296585010113747, 0.24613725733933664, 0.24880098349119212, 0.25107559172761135, 0.25305571666295684, 0.2548131513801719, 0.25640089777152814, 0.2578587769743242, 0.2592191002765691, 0.26051104769303784, 0.2617597284813947, 0.2629375499606815, 0.2640407848079496, 0.26506509835404335], "surface_decohesion_unrelaxed_stress": [-0.006446507511549391, 0.04664436850842982, 0.09087433027517916, 0.12605555567024876, 0.15232133990045763, 0.17052161828267542, 0.1815478303623065, 0.1860361976572823, 0.18381789456406228, 0.1751673216540314, 0.16140627943139677, 0.144738852515428, 0.1274267667967435, 0.11095452666462043, 0.09679239537030067, 0.08572376137258647, 0.07760273674993133, 0.07161081958201283, 0.06643448759716591, 0.0607146594932256, 0.05182644615935285, 0.04198931411376962, 0.03469301407463586, 0.02896199247515055, 0.024513017726403297, 0.021135968267476497, 0.018585104356632062, 0.01665040388281301, 0.015168713369254346, 0.014043510464735749, 0.01320331992303167, 0.012711331404548793, 0.012170200603546578, 0.011402934210574523, 0.010649752350798741, 0.009824508187085681]}