{"surface_decohesion_unrelaxed_opening": [0.0, 0.1, 0.2, 0.30000000000000004, 0.4, 0.5, 0.6000000000000001, 0.7, 0.8, 0.8999999999999999, 1.0, 1.0999999999999999, 1.2000000000000002, 1.3, 1.4, 1.5, 1.6, 1.7, 1.7999999999999998, 1.9, 2.0, 2.0999999999999996, 2.1999999999999997, 2.3000000000000003, 2.4000000000000004, 2.5, 2.6, 2.7, 2.8, 2.9, 3.0], "surface_decohesion_unrelaxed_energy": [0.0, 0.0011454244325429486, 0.0045522206324374506, 0.009516997261831615, 0.01560701919919901, 0.02248794500704784, 0.029821801359802762, 0.03726237747664652, 0.04450665242927616, 0.05131442529800265, 0.05753137379545722, 0.0630784870989113, 0.06795568473574332, 0.07220243255771219, 0.07587971957050296, 0.07908969331978805, 0.08195948390973348, 0.08441565633680938, 0.08649672375163917, 0.08832935128294163, 0.08993988933966957, 0.09131563173931058, 0.09247716371376132, 0.09343658684246658, 0.09420346810232473, 0.0947866164210786, 0.09520146220503053, 0.09547145441906668, 0.09562769976014651, 0.0957068744130857, 0.09575076324325807], "surface_decohesion_unrelaxed_stress": [-0.0024154982162624124, 0.024042545014654318, 0.04281193713076864, 0.055856891340930984, 0.06540445450835419, 0.071653722982139, 0.07442411838120219, 0.07388277758101286, 0.070590303378948, 0.06531744354387901, 0.05888156343096826, 0.05207815675950777, 0.04553513773958266, 0.039499656046187444, 0.03418728311845755, 0.030369034342258704, 0.026729509689423992, 0.022491817410685302, 0.019420415925005687, 0.017237367273259464, 0.014925082622866757, 0.012650715926341777, 0.010590284894518909, 0.008616797590262609, 0.006731656401332758, 0.004957464162766925, 0.0033783100287754935, 0.0020744356617738956, 0.001111073977607334, 0.0005438682483671634, 0.00040535752227073525]}