{"surface_decohesion_unrelaxed_energy": [0.0, 0.001118398656915215, 0.004461727943036471, 0.009236932367889809, 0.014879860792778327, 0.020992139034804038, 0.027310683354979968, 0.033637410458674494, 0.039836759269060995, 0.04581451401655661, 0.051520618844821564, 0.05691423471280132, 0.061974732492067565, 0.06669429679805478, 0.0710732186314864, 0.07511970149472828, 0.07883716860576546, 0.08226803559079693, 0.08538530583874754, 0.0881972352930165, 0.09069541010195607, 0.09287947047517549, 0.0947672283598685, 0.0963671441178113, 0.09770240247803921, 0.09880472707575279, 0.09970096890466414, 0.10042464341165452, 0.10100204409286573, 0.10146313203576982, 0.10183103660195227], "surface_decohesion_unrelaxed_opening": [0.0, 0.1, 0.2, 0.30000000000000004, 0.4, 0.5, 0.6000000000000001, 0.7, 0.8, 0.8999999999999999, 1.0, 1.0999999999999999, 1.2000000000000002, 1.3, 1.4, 1.5, 1.6, 1.7, 1.7999999999999998, 1.9, 2.0, 2.0999999999999996, 2.1999999999999997, 2.3000000000000003, 2.4000000000000004, 2.5, 2.6, 2.7, 2.8, 2.9, 3.0], "surface_decohesion_unrelaxed_stress": [-0.0027567696679663307, 0.023716691260726497, 0.04174184291615449, 0.052871948403893324, 0.05931434896052785, 0.06252685576142213, 0.0635029048598328, 0.06281966751536056, 0.061000702501155815, 0.05849062921647988, 0.055552567905742006, 0.05229072004789387, 0.04890796132006241, 0.045479297229458523, 0.042129433944669156, 0.03876510789207136, 0.035728633715416895, 0.03277038012832053, 0.0296339627607635, 0.026569759895212285, 0.02339012555464219, 0.02033679335098883, 0.01741724877877657, 0.014624420812978836, 0.012140291514428008, 0.009941901867554582, 0.008049093814102992, 0.006459212953084903, 0.005146310019604799, 0.004110205691954834, 0.0032826424851718048]}