{"bulk_struct_test": "bulk_Si_diamond", "bulk_E_per_atom": -163.1757950438153, "defects": {"ind_0_Z_14": {"Ef0": 3.7462461076538602, "Ef": 3.6818535541333404, "unrelaxed_filename": "Si-model-pACE_B8_N4_18_07_lap_dia_1.1-test-point_defect_Si_diamond_vacancy-ind_0_Z_14-unrelaxed.xyz", "relaxed_filename": "Si-model-pACE_B8_N4_18_07_lap_dia_1.1-test-point_defect_Si_diamond_vacancy-ind_0_Z_14-relaxed.xyz", "atom_ind": 0, "Z": 14, "vac_pos": [2.721056253696182, 2.7210703057230616, 0.01804136698062424]}}}