{"surface_decohesion_unrelaxed_opening": [0.0, 0.09999999999999999, 0.19999999999999998, 0.3, 0.39999999999999997, 0.5, 0.6, 0.7000000000000001, 0.7999999999999999, 0.8999999999999999, 1.0, 1.1, 1.2, 1.3, 1.4000000000000001, 1.5, 1.5999999999999999, 1.7, 1.7999999999999998, 1.9, 2.0, 2.1, 2.2, 2.3, 2.4, 2.5, 2.6, 2.7, 2.8000000000000003, 2.9000000000000004, 3.0, 3.0999999999999996, 3.1999999999999997, 3.3, 3.4, 3.5], "surface_decohesion_unrelaxed_energy": [0.0, 0.0010112878666042298, 0.004197205636469823, 0.008997378100832386, 0.01501460441622661, 0.021944154732845028, 0.02950112269366809, 0.03736739169155176, 0.045241117983735375, 0.05287119636619729, 0.06007609068203606, 0.06674908083472532, 0.07285868472659013, 0.07847019240668417, 0.08356352000746324, 0.08808564872022374, 0.09199252545725362, 0.09527397747261995, 0.09808860953373687, 0.10054059769224157, 0.10268999031488024, 0.10457339662086589, 0.1062116402254572, 0.10759469670106533, 0.10869936504974925, 0.10952318499903875, 0.11018289099267517, 0.11072207975335156, 0.11115109866474503, 0.11149064139653583, 0.11176134371437231, 0.11198095542979059, 0.11215689636150444, 0.11228232525182322, 0.11235133750828992, 0.11237617751383976], "surface_decohesion_unrelaxed_stress": [-0.0027536708657417857, 0.021982728190087748, 0.040738927199485464, 0.05464427003881514, 0.06520595603795731, 0.07293520476973463, 0.07764877320634878, 0.0791668111660721, 0.07788384083138218, 0.07441196574776593, 0.06951747712657348, 0.06385465980178048, 0.058541705002927436, 0.05361186734527414, 0.04815588404216934, 0.04222828589223643, 0.035801135882595925, 0.030217033149267734, 0.026213253814831514, 0.022928558180053463, 0.020113936899254694, 0.017599662081657846, 0.015136912091422226, 0.012491691958636333, 0.009528064802794972, 0.007250697769385424, 0.005974922407440264, 0.004816455230238627, 0.00380548683370091, 0.0030184467304850866, 0.0024280777331777605, 0.0019786633344465905, 0.0015238483430007888, 0.0009670379545297083, 0.00044123424244349755, 8.359293619246415e-05]}