{"energies": [-162.52344906256, -162.64472805649405, -162.49677891870869, -162.38851545481893, -162.52425834245815, -162.75536433460235, -162.63770854892547, -162.8409667385195, -162.44702915625098, -162.91628481437746, -162.52326163500675, -162.3516712902303, -162.41023572906582, -162.54432824355789, -162.83553872839983, -162.93770863253815, -162.56286738906576, -162.80313653280885, -162.75447822241418, -163.02153218882216, -162.85635171548665, -162.76205085364123, -162.59528195627834, -161.86254906188978, -163.0316808791565, -162.677778170314, -162.72055355272695, -162.28462017496415, -162.30695095906447, -162.9106434724525, -162.18714593451625, -162.29337387665603, -162.8413804209233, -162.7420191231966, -162.8152717832166, -162.8355398310657, -162.97362953425008, -162.6250288842486, -162.95682432486038, -163.01470083882194, -162.54028918198603, -162.74876177842683, -162.76503154098927, -162.37410184417078, -162.69784832605148, -162.8446265265338, -162.6856478113178, -162.8987750792738, -162.70793379079893, -162.83552326424532, -162.87623269997252, -162.82082104158957, -162.3708069544543, -162.93532203527803, -162.64704591200422, -162.50601603420006, -162.78677374359089, -162.216057570043, -162.7982022810777, -162.85653512075098, -162.48549216797153, -162.18579723697746, -162.56872702389697, -162.84503607017976, -162.61848708728994, -162.58082045263197, -162.8727050237134, -162.74705367497256, -162.72711589348617, -162.88415785758056, -162.73444422671426, -162.38303219389567, -162.4331883336297, -162.2832903677262, -162.4025144751225, -162.73247857037833, -162.93120579498324, -162.6640262838315, -162.74301229745612, -162.85665911084854, -162.83212028631044, -162.64872939948245, -162.72475529237408, -162.6929586236769, -162.64425854222517, -162.6665502753539, -163.18206615022459, -162.77503307579514, -162.40971687591104, -162.36664693495214, -162.79681641448855, -162.78161070191496, -162.6056443889482, -162.52407649900738, -162.45748173574847, -162.6542901297666, -162.6803088861065, -162.68810802138051, -162.90705167322852, -162.71904654863923], "volumes": [24.012927978950245, 16.847751904770053, 36.58788700373479, 41.93419173310596, 29.25671040618771, 16.520262457662714, 23.349567173463488, 19.816047364370476, 43.17507766657497, 19.931767170772076, 30.715608924438577, 38.89728957415978, 43.57780038235472, 36.41350788680594, 15.144492300023614, 19.10200858077503, 29.43182032978765, 58.10139406497416, 18.333707780905044, 21.80861554241557, 19.366853479409993, 16.93785457475252, 32.614441788058066, 45.21514930731852, 21.59574357586684, 20.272166405319613, 17.397459741809993, 48.75916854577874, 31.584917893107676, 21.328897681149783, 46.22353623364369, 33.707760541425635, 17.485235574720942, 20.14752424953392, 20.309667242774616, 15.143273573852047, 19.132443024498162, 16.276492381073485, 20.25059342852942, 20.195834894188827, 30.5378345165032, 26.279792478689743, 21.75374806266221, 40.78831023317911, 30.36082789961177, 19.172207971123026, 24.911432788668506, 19.909353958887397, 16.30425697287081, 15.145462519635768, 17.62387567388047, 19.168935234600003, 33.11632641895939, 19.866098408536107, 22.79199826791226, 34.49738982309179, 16.5660754386993, 32.80114218756318, 21.204446238033178, 15.384742168384822, 39.964531323489965, 73.49629475182557, 29.138982373838836, 17.251690808412754, 24.99203784554134, 28.673973949075382, 35.67283764958366, 20.261786119040575, 18.848704551603355, 18.67203749837295, 21.345943023675567, 31.392649224038298, 30.7782877472456, 52.26030434107638, 34.213375409111, 22.776045563037144, 18.848771368035145, 28.319838824776692, 19.479202600635425, 19.0399161491618, 16.989132804309357, 27.521868974939554, 14.63922379202787, 19.60810782848171, 30.075883359211826, 33.18466183568827, 20.449088736792064, 17.665788769057606, 51.565646104043395, 39.3021435631689, 20.021569857603794, 20.623122007399726, 25.456463394826198, 30.458030185794737, 38.029186662002424, 31.89992429345033, 25.96113254249664, 26.102839037993817, 20.124055756747577, 16.63278884218773]}