{"surface_decohesion_unrelaxed_opening": [0.0, 0.1, 0.2, 0.30000000000000004, 0.4, 0.5, 0.6000000000000001, 0.7, 0.8, 0.8999999999999999, 1.0, 1.0999999999999999, 1.2000000000000002, 1.3, 1.4, 1.5, 1.6, 1.7, 1.7999999999999998, 1.9, 2.0, 2.0999999999999996, 2.1999999999999997, 2.3000000000000003, 2.4000000000000004, 2.5, 2.6, 2.7, 2.8, 2.9, 3.0], "surface_decohesion_unrelaxed_energy": [0.0, 0.0011271406690698022, 0.004452827416015156, 0.009260293172242745, 0.015109943968146276, 0.021703488059050823, 0.028784217516468605, 0.03612010200756224, 0.043432553057858536, 0.0504566278079034, 0.0569709145415636, 0.06281917274824156, 0.06807260796937732, 0.07289954693125558, 0.07727216571643453, 0.08112799983750975, 0.08434540465484255, 0.08701850722952467, 0.08912622239286093, 0.0904766252425286, 0.0913743048241612, 0.09216035698009839, 0.09283488550891165, 0.09341290620017154, 0.09389129485044256, 0.09427880318390992, 0.09459293745473957, 0.09485542851297438, 0.09508393427567186, 0.09528488490151771, 0.09547655502220567], "surface_decohesion_unrelaxed_stress": [-0.002326315941245747, 0.023566633201358784, 0.04164460561626526, 0.053849519428768367, 0.06267081323259484, 0.06876307424509447, 0.07250509623669715, 0.07371495926345957, 0.07208513295116242, 0.06804028294212577, 0.06190457979148671, 0.05521774610207244, 0.05027523863463451, 0.0460925248498094, 0.04134139437784472, 0.035395484826437125, 0.029273834468647942, 0.024224399059419463, 0.01725310143422609, 0.010506735593793436, 0.008162429129607024, 0.007355500014872356, 0.006232991353417655, 0.005289011173650871, 0.004303244197905799, 0.003474921546878371, 0.0028463477434913943, 0.0024384473510893736, 0.002129767480119362, 0.0019261743847336149, 0.0019441573769607406]}