{"bulk_struct_test": "bulk_Si_diamond", "bulk_E_per_atom": -163.17557484484436, "defects": {"ind_0_Z_14": {"Ef0": 3.7131067921545764, "Ef": 3.6497506050236552, "unrelaxed_filename": "Si-model-pACE_B8_N4_18_07_lap_dia_1.2-test-point_defect_Si_diamond_vacancy-ind_0_Z_14-unrelaxed.xyz", "relaxed_filename": "Si-model-pACE_B8_N4_18_07_lap_dia_1.2-test-point_defect_Si_diamond_vacancy-ind_0_Z_14-relaxed.xyz", "atom_ind": 0, "Z": 14, "vac_pos": [2.721788960411916, 2.721776944548063, 0.017238026081131584]}}}