{"bulk_struct_test": "bulk_Si_diamond", "bulk_E_per_atom": -163.1752477771742, "defects": {"ind_0_Z_14": {"Ef0": 3.7613970047950716, "Ef": 3.648325989155637, "unrelaxed_filename": "Si-model-pACE_B8_N5_18_07_lap_1.1-test-point_defect_Si_diamond_vacancy-ind_0_Z_14-unrelaxed.xyz", "relaxed_filename": "Si-model-pACE_B8_N5_18_07_lap_1.1-test-point_defect_Si_diamond_vacancy-ind_0_Z_14-relaxed.xyz", "atom_ind": 0, "Z": 14, "vac_pos": [2.715152596606623, 2.7151895032979296, 0.015319398773063844]}}}