{"surface_decohesion_unrelaxed_opening": [0.0, 0.09999999999999999, 0.19999999999999998, 0.3, 0.39999999999999997, 0.5, 0.6, 0.7000000000000001, 0.7999999999999999, 0.8999999999999999, 1.0, 1.1, 1.2, 1.3, 1.4000000000000001, 1.5, 1.5999999999999999, 1.7, 1.7999999999999998, 1.9, 2.0, 2.1, 2.2, 2.3, 2.4, 2.5, 2.6, 2.7, 2.8000000000000003, 2.9000000000000004, 3.0, 3.0999999999999996, 3.1999999999999997, 3.3, 3.4, 3.5], "surface_decohesion_unrelaxed_energy": [0.0, 0.001010520947532384, 0.004199710080128441, 0.00899952962034683, 0.015010363104084287, 0.02193791655061233, 0.02951153922286972, 0.03742646781820271, 0.04537275151713437, 0.053088633698816765, 0.060370862427480944, 0.06708103535369109, 0.07317885135963613, 0.07878034780344965, 0.0838672830070801, 0.08838731669613188, 0.09226955988240508, 0.09547642558749375, 0.09821635554708917, 0.10062716852702497, 0.10276971983668833, 0.10466833118979481, 0.106328696148661, 0.10773136202671411, 0.10882742063433085, 0.10959076385114552, 0.11019316765917062, 0.11069265700269053, 0.11110163266246299, 0.1114389408588442, 0.11172473813816503, 0.11197478765382862, 0.11219451263502146, 0.11236672655301394, 0.11246354394536313, 0.11249321635328584], "surface_decohesion_unrelaxed_stress": [-0.002808846182762858, 0.022008907767026374, 0.040764517518510596, 0.05460328234336473, 0.06514194382670577, 0.07298055025777687, 0.07797113870575, 0.07979143294693439, 0.07869949833445267, 0.0752755501336773, 0.07014162844123423, 0.06392998574761564, 0.058378096532959306, 0.05353700161330278, 0.048126846437148645, 0.042164679418571174, 0.035282742148316115, 0.0293776187290204, 0.025610652876125253, 0.022702057952414315, 0.02018204400219185, 0.01780464592191409, 0.015368661669330631, 0.01261163250834232, 0.009146542867397023, 0.006584250755011506, 0.00548886485774939, 0.004517084360341133, 0.003696747799658006, 0.0030844401256361516, 0.0026586559688583007, 0.0023563398484635657, 0.002009219542981819, 0.0013649489551702705, 0.0006019239465863558, 2.204926664021998e-05]}