{"surface_decohesion_unrelaxed_opening": [0.0, 0.09999999999999999, 0.19999999999999998, 0.3, 0.39999999999999997, 0.5, 0.6, 0.7000000000000001, 0.7999999999999999, 0.8999999999999999, 1.0, 1.1, 1.2, 1.3, 1.4000000000000001, 1.5, 1.5999999999999999, 1.7, 1.7999999999999998, 1.9, 2.0, 2.1, 2.2, 2.3, 2.4, 2.5, 2.6, 2.7, 2.8000000000000003, 2.9000000000000004, 3.0, 3.0999999999999996, 3.1999999999999997, 3.3, 3.4, 3.5], "surface_decohesion_unrelaxed_energy": [0.0, 0.002101781193254287, 0.009117040930095958, 0.02016813428542433, 0.03432539123120485, 0.0506951747813588, 0.0684829115667556, 0.08699103343467325, 0.10557829745713547, 0.12359933767748091, 0.14044133257459912, 0.15563478855800322, 0.16912737488080629, 0.1809351725536414, 0.1911709755814482, 0.20009412160848886, 0.20803176205969875, 0.21529081606113198, 0.22207144600494744, 0.22839533140407814, 0.2340278190463228, 0.23849235916369912, 0.24214063458777546, 0.24522530075198173, 0.24786414674549612, 0.2501579469711204, 0.25218612964412457, 0.2540085673223543, 0.2556692437292934, 0.2572011200091289, 0.2586313695879691, 0.2599859234471592, 0.2612922101452855, 0.2625379059563328, 0.2637083032449302, 0.26480268937457657], "surface_decohesion_unrelaxed_stress": [-0.006424931228447771, 0.04702287987200666, 0.09184463964329996, 0.12758915431989504, 0.15404925211038634, 0.1720250521165933, 0.18257614948976297, 0.18654610952378714, 0.18410098912648645, 0.17529906125449896, 0.16059381937942535, 0.14338918764346797, 0.12643069923292005, 0.10989953529399409, 0.09527918061035827, 0.08375221391000032, 0.07553555809715899, 0.07000638728065917, 0.06562941113766511, 0.06061142845706341, 0.050616066275341556, 0.0398351392302, 0.03342784304743483, 0.028441736228539287, 0.02451057677003071, 0.021495343265497104, 0.019167537126834316, 0.017353118764182038, 0.01591341037150334, 0.014769820353042768, 0.013871083976594062, 0.013289946881489562, 0.012794345216943502, 0.012092147525946291, 0.011319857668609762, 0.010571924346926267]}