{"bulk_struct_test": "bulk_Si_diamond", "bulk_E_per_atom": -163.1767811440733, "defects": {"ind_0_Z_14": {"Ef0": 3.695734501337938, "Ef": 3.5285128857667587, "unrelaxed_filename": "Si-model-pACE_B8_N4_18_07_lap_1.1_3-test-point_defect_Si_diamond_vacancy-ind_0_Z_14-unrelaxed.xyz", "relaxed_filename": "Si-model-pACE_B8_N4_18_07_lap_1.1_3-test-point_defect_Si_diamond_vacancy-ind_0_Z_14-relaxed.xyz", "atom_ind": 0, "Z": 14, "vac_pos": [2.6843336149765427, 2.6844510555170547, 0.02361441082985816]}}}