{"surface_decohesion_unrelaxed_opening": [0.0, 0.09999999999999999, 0.19999999999999998, 0.3, 0.39999999999999997, 0.5, 0.6, 0.7000000000000001, 0.7999999999999999, 0.8999999999999999, 1.0, 1.1, 1.2, 1.3, 1.4000000000000001, 1.5, 1.5999999999999999, 1.7, 1.7999999999999998, 1.9, 2.0, 2.1, 2.2, 2.3, 2.4, 2.5, 2.6, 2.7, 2.8000000000000003, 2.9000000000000004, 3.0, 3.0999999999999996, 3.1999999999999997, 3.3, 3.4, 3.5], "surface_decohesion_unrelaxed_energy": [0.0, 0.0009967374409029358, 0.0041770335438114075, 0.008986364398068832, 0.015024379521630018, 0.021982121558971206, 0.02957029319555955, 0.037467313653047445, 0.04536571853688783, 0.053011164668078516, 0.0602187479795358, 0.06688127238962165, 0.07297764803826147, 0.07858652250015749, 0.0836826660222427, 0.08820868169568408, 0.09211530608979011, 0.09539467429843816, 0.09821494560137745, 0.10068170617678375, 0.10284983916181978, 0.10475005480474843, 0.10639830251347798, 0.10778339851881677, 0.1088813617967396, 0.10969428702469822, 0.11034235783839043, 0.11087027206950165, 0.11128910254514233, 0.11161939301325292, 0.11188177020396364, 0.11209367914526588, 0.11226291719124408, 0.11238248845322255, 0.11244726612488785, 0.11246982302914546], "surface_decohesion_unrelaxed_stress": [-0.0029164938687129952, 0.021868205202914374, 0.040754679371397755, 0.0548018860264715, 0.06545815585727441, 0.07323820537150197, 0.07796643287460395, 0.07945182595236888, 0.07808902355576958, 0.07450761027548597, 0.06947141862172487, 0.06370994688390785, 0.05845579560441447, 0.05362437401450904, 0.04819724785698532, 0.042251410423348484, 0.03577631247604403, 0.030223117755098512, 0.026320401851181938, 0.023106231190541032, 0.020301480199923, 0.017738306848707263, 0.015199192954993009, 0.01246523275337101, 0.009431654529373293, 0.007134804305578481, 0.005859009497837098, 0.00470870904717632, 0.003708495516015208, 0.002930937201301098, 0.0023477854434195886, 0.0019065049854090387, 0.0014606042333591314, 0.0009153573198548741, 0.00040843449653286685, 7.094197170064147e-05]}