{"E_vs_V": [[16.123389581976401, -162.920163161125], [16.584057855747133, -162.95715221925], [17.044726129517898, -162.9839615725], [17.505394403288658, -163.0018319065], [17.966062677059412, -163.011816402625], [18.426730950830141, -163.014952155], [18.887399224600891, -163.012059925], [19.34806749837167, -163.003898246], [19.80873577214242, -162.9911061065], [20.269404045913173, -162.974265587625], [20.730072319683917, -162.953892969625], [21.190740593454674, -162.930455095375]], "bc8_a0": -3.3278169551796237}