{"c44": 128.67109000000002, "c12": 88.48928499999991, "c11": 217.62731999999983, "B": 131.53529666666654, "E_vs_V": [[11.396337918466072, -851.5199830925], [11.776215849081602, -851.660601689], [12.156093779697143, -851.77790224], [12.535971710312678, -851.874700584], [12.915849640928212, -851.9532588545], [13.295727571543754, -852.016445825], [13.675605502159284, -852.0649026225], [14.055483432774814, -852.1011584385], [14.435361363390362, -852.125863079], [14.815239294005892, -852.1406748025], [15.195117224621429, -852.146780577], [15.57499515523696, -852.144952578], [15.954873085852501, -852.136334685], [16.33475101646805, -852.121627147], [16.71462894708356, -852.1015740185], [17.094506877699104, -852.0766987685], [17.474384808314653, -852.047185079], [17.854262738930167, -852.0144702575], [18.23414066954572, -851.9784453425], [18.61401860016125, -851.939203471], [18.993896530776784, -851.897787753]]}