{"c44": 38.229510000000005, "c12": 51.15614999999995, "c11": 135.9663099999999, "B": 79.42620333333326, "E_vs_V": [[11.999999999999996, -109.38902933465], [12.399999999999991, -109.48602095995], [12.799999999999995, -109.565193252175], [13.199999999999996, -109.62882166795], [13.599999999999993, -109.6790452182], [13.999999999999993, -109.717609443425], [14.4, -109.7510908474], [14.799999999999994, -109.771041570125], [15.200000000000001, -109.7834440556], [15.6, -109.7892799639], [15.999999999999995, -109.789409765575], [16.39999999999999, -109.78460429085], [16.80000000000001, -109.7754033221], [17.199999999999978, -109.762537289225], [17.59999999999999, -109.74634696695], [18.0, -109.727411663325], [18.400000000000002, -109.703220484325], [18.799999999999965, -109.68000619335], [19.2, -109.655034486625], [19.59999999999999, -109.6285952243], [19.999999999999993, -109.60084921085]]}