{"c44": 53.202790000000014, "B": 126.46545510778796, "E_vs_V": [[12.765742273034784, -1593.3506458146667], [13.164671719067123, -1593.440415647], [13.563601165099461, -1593.5132523989998], [13.962530611131795, -1593.5707196243332], [14.361460057164125, -1593.6144404923334], [14.760389503196484, -1593.6449301753335], [15.1593189492288, -1593.6654833963332], [15.55824839526115, -1593.676223448], [15.95717784129348, -1593.6781653766666], [16.356107287325813, -1593.6723479813334], [16.755036733358157, -1593.6595789423334], [17.15396617939049, -1593.6405269260001], [17.552895625422817, -1593.6160567626666], [17.951825071455172, -1593.5864868239998], [18.3507545174875, -1593.5525555393333], [18.749683963519846, -1593.5147393480001], [19.14861340955218, -1593.473417659], [19.547542855584528, -1593.429050164], [19.94647230161685, -1593.381769095]], "c66": 58.00970000000001, "c13": 67.32174999999995, "c12": 87.82238999999993, "c11": 212.2490599999998, "c33": 271.35836999999975}