{"c44": 35.48642, "B": 129.44134043073285, "E_vs_V": [[12.018373421516989, -1593.0345353595], [12.418985868900894, -1593.1713270275], [12.819598316284793, -1593.2863719835], [13.220210763668693, -1593.381697591], [13.620823211052588, -1593.460543006], [14.021435658436495, -1593.5235771385], [14.422048105820384, -1593.5724970575], [14.82266055320429, -1593.608918273], [15.22327300058819, -1593.633951111], [15.62388544797209, -1593.6488669115], [16.02449789535599, -1593.654702054], [16.425110342739885, -1593.652524711], [16.82572279012379, -1593.642853406], [17.22633523750769, -1593.626856106], [17.62694768489158, -1593.605017062], [18.027560132275486, -1593.578012159], [18.4281725796594, -1593.5464417315], [18.82878502704327, -1593.5107078845], [19.22939747442719, -1593.4713467705], [19.630009921811094, -1593.428667579], [20.030622369194987, -1593.3831969275]], "c66": 64.63492, "c13": 94.0297899999999, "c12": 79.93367999999994, "c11": 210.2215899999998, "c33": 209.04491999999982}