{"c44": 70.53536000000001, "B": 122.30999976384557, "E_vs_V": [[11.300089825091174, -480.59972222075], [11.67675948592755, -480.73089049325], [12.05342914676391, -480.83963752475], [12.430098807600285, -480.92805125], [12.806768468436658, -481.00018038575], [13.183438129273037, -481.057234789], [13.560107790109406, -481.1010717455], [13.936777450945778, -481.13329026375], [14.313447111782143, -481.15532261575], [14.690116772618529, -481.16827991725], [15.066786433454896, -481.17331315275], [15.443456094291264, -481.171289675], [15.820125755127643, -481.163081587], [16.196795415963997, -481.1494959255], [16.5734650768004, -481.131056619], [16.95013473763675, -481.108054592], [17.326804398473126, -481.08214866725], [17.703474059309492, -481.0525124505], [18.08014372014588, -481.0200049165], [18.45681338098226, -480.98502923825], [18.833483041818617, -480.947908029]], "c66": 128.16706, "c13": 40.791089999999976, "c12": 53.511289999999946, "c11": 257.3488299999998, "c33": 318.94642999999974}