{"c44": 59.96267000000001, "B": 132.46639263383094, "E_vs_V": [[13.938686087016679, -1222.900230673125], [14.325871811656178, -1222.936972915375], [14.713057536295292, -1222.962364197], [15.100243260934736, -1222.977443709875], [15.487428985574082, -1222.983698630375], [15.87461471021343, -1222.981919261375], [16.261800434852788, -1222.973001594], [16.64898615949214, -1222.957728217875], [17.036171884131505, -1222.93709008625], [17.423357608770832, -1222.911079249625], [17.810543333410205, -1222.880616450125], [18.197729058049536, -1222.846198452375], [18.584914782688905, -1222.80825881025], [18.97210050732825, -1222.767251268625], [19.359286231967584, -1222.723487898875]], "c66": 64.08874999999999, "c13": 76.71723999999993, "c12": 93.08128999999992, "c11": 219.13415999999978, "c33": 262.2481899999998}