{"c44": 34.378620000000005, "c12": 124.5969699999999, "c11": 111.06486999999989, "B": 120.0862699999999, "E_vs_V": [[11.897431653677238, -1593.02510867], [12.294012708799817, -1593.1457776185], [12.690593763922392, -1593.2472575065], [13.087174819044966, -1593.3312852405], [13.483755874167532, -1593.3998781495], [13.880336929290115, -1593.4548435595], [14.276917984412696, -1593.497241437], [14.673499039535265, -1593.528425773], [15.07008009465784, -1593.549342482], [15.466661149780407, -1593.561038251], [15.86324220490299, -1593.5645668205], [16.25982326002556, -1593.5606484445], [16.656404315148134, -1593.5501338325], [17.052985370270715, -1593.5336650065], [17.449566425393304, -1593.5116813085], [17.846147480515853, -1593.484904924], [18.24272853563844, -1593.453793247], [18.639309590761012, -1593.418833475], [19.035890645883576, -1593.3804319645], [19.43247170100616, -1593.338955485], [19.829052756128746, -1593.2947372665]]}