{"E": [-162.56453642675, -162.6549208361, -162.73029636535, -162.733934157, -162.70879465775, -162.65703810105, -162.6069709642, -162.58310247145, -162.5861276395, -162.599784833, -162.6108712158, -162.6161714825, -162.61345892565, -162.59915220825], "c_over_a": [0.6, 0.7, 0.8, 0.9, 1.0, 1.1, 1.2000000000000002, 1.3, 1.4, 1.5, 1.6, 1.7000000000000002, 1.8000000000000003, 1.9], "V": [17.367766399171483, 16.421014868218485, 16.435333425101504, 16.353566576159743, 16.029361188706083, 15.676665866267619, 15.389708229761219, 15.097954231046737, 14.826273170564402, 14.604589945432339, 14.493348999117284, 14.481139643930034, 14.56424708852429, 14.729186298308502]}