{"stacking_fault_energy": 0.0029100219695541397, "stacking_fault_energy_unrelaxed": 0.0031114833529398973, "shuffle_stacking_fault_path_unrelaxed": [[0.0, 0.0, 0.0, -1.0731842835606385e-07], [0.16666666666666666, 0.16666666666666666, 0.0, 0.017761756344067264], [0.3333333333333333, 0.33333333333333331, 0.0, 0.068652570721984427], [0.5, 0.5, 0.0, 0.10395601363799764], [0.6666666666666666, 0.66666666666666663, 0.0, 0.068769664273017214], [0.8333333333333334, 0.83333333333333337, 0.0, 0.017789150033133454], [1.0, 1.0, 0.0, 2.7835506536374332e-05]], "shuffle_stacking_fault_path": [[0.0, 0.0, 0.0, -1.0731842835606385e-07], [0.16666666666666666, 0.16666666666666666, 0.0, 0.017003150268571601], [0.3333333333333333, 0.33333333333333331, 0.0, 0.064283651263104216], [0.5, 0.5, 0.0, 0.10038245465108044], [0.6666666666666666, 0.66666666666666663, 0.0, 0.064413572387097578], [0.8333333333333334, 0.83333333333333326, 0.0, 0.017029799465041923], [1.0, 0.99999999999999989, 0.0, 2.7635349138976518e-05]], "glide_stacking_fault_path": [[0.0, 0.0, 0.0, 7.0848741572181213e-08], [0.16666666666666666, 0.055555555, 0.1111111, 0.042041244652334241], [0.3333333333333333, 0.11111111, 0.22222220000000001, 0.091970650945881735], [0.5, 0.16666666499999999, 0.3333333, 0.10874146086872145], [0.6666666666666666, 0.22222222, 0.44444440000000002, 0.092896523575087431], [0.8333333333333334, 0.277777775, 0.55555549999999998, 0.044165088698086524], [1.0, 0.33333332999999998, 0.6666666, 0.0029100219695541397]], "glide_stacking_fault_path_unrelaxed": [[0.0, 0.0, 0.0, -4.5451615639232705e-08], [0.16666666666666666, 0.055555555, 0.1111111, 0.046368259517796745], [0.3333333333333333, 0.11111111, 0.22222220000000001, 0.11873850573042768], [0.5, 0.16666666499999999, 0.3333333, 0.15045292225433807], [0.6666666666666666, 0.22222222, 0.44444440000000002, 0.12003470082663066], [0.8333333333333334, 0.27777777499999995, 0.55555549999999998, 0.048836488783307416], [1.0, 0.33333332999999998, 0.6666666, 0.0031114833529398973]]}