{"surface_decohesion_unrelaxed_opening": [0.0, 0.09999999999999999, 0.19999999999999998, 0.3, 0.39999999999999997, 0.5, 0.6, 0.7000000000000001, 0.7999999999999999, 0.8999999999999999, 1.0, 1.1, 1.2, 1.3, 1.4000000000000001, 1.5, 1.5999999999999999, 1.7, 1.7999999999999998, 1.9, 2.0, 2.1, 2.2, 2.3, 2.4, 2.5, 2.6, 2.7, 2.8000000000000003, 2.9000000000000004, 3.0, 3.0999999999999996, 3.1999999999999997, 3.3, 3.4, 3.5], "surface_decohesion_unrelaxed_energy": [0.0, 0.0020944321490667856, 0.009140879239907276, 0.020294418032313393, 0.03460656276093942, 0.05109942881592744, 0.06890646694219585, 0.08735773955217106, 0.10584052388870774, 0.12377927275340879, 0.14060565835710748, 0.15578635834537405, 0.1693571081374151, 0.18139721616258156, 0.1919551925361061, 0.20118252106277368, 0.20928372626093594, 0.21655363637917438, 0.22319035796546402, 0.22921741987024535, 0.23439583861005822, 0.2382726465210329, 0.24147870033054944, 0.24442347492951125, 0.2472158681674258, 0.2498797708987705, 0.2523624325369015, 0.2546315115701739, 0.25669375566798514, 0.2585488647428449, 0.26021294128685707, 0.2616955558547819, 0.2630121076329513, 0.2641768782331371, 0.2651982231277163, 0.26607100181062887], "surface_decohesion_unrelaxed_stress": [-0.006550692711617479, 0.04707186594624478, 0.09248960612385658, 0.12896928605572738, 0.15560375528419818, 0.17276601631590055, 0.18232930488989244, 0.18566608621183772, 0.18302805865811506, 0.1748676751928364, 0.16045527462252943, 0.14352379407600224, 0.1279930424826926, 0.11282977050945038, 0.09863040744023459, 0.08620774673537729, 0.07639461736315235, 0.06934724330403541, 0.06341536055654669, 0.05690481920190571, 0.04512978197365662, 0.03423285242709475, 0.030424659932699483, 0.028593360096457486, 0.027316934787765115, 0.025827779830259447, 0.023768876975464433, 0.021648932409985257, 0.01957508731710494, 0.017571313501721662, 0.01571522724216571, 0.013968510887727457, 0.012385719589756148, 0.010928282103905645, 0.009484616837568627, 0.007956957870571817]}