{"surface_decohesion_unrelaxed_opening": [0.0, 0.1, 0.2, 0.30000000000000004, 0.4, 0.5, 0.6000000000000001, 0.7, 0.8, 0.8999999999999999, 1.0, 1.0999999999999999, 1.2000000000000002, 1.3, 1.4, 1.5, 1.6, 1.7, 1.7999999999999998, 1.9, 2.0, 2.0999999999999996, 2.1999999999999997, 2.3000000000000003, 2.4000000000000004, 2.5, 2.6, 2.7, 2.8, 2.9, 3.0], "surface_decohesion_unrelaxed_energy": [0.0, 0.001121720496804255, 0.0044555339036570635, 0.009286907394748698, 0.01516928097973395, 0.02171011078182706, 0.028544588408786573, 0.03540096307178194, 0.04209577735070248, 0.04847693076866101, 0.05440535143878209, 0.05979926192891864, 0.0646963824692183, 0.06917975740941378, 0.07334688165179887, 0.0773034536407434, 0.08109908083076273, 0.08457008918228068, 0.08765805407965362, 0.09032820248924178, 0.09239324588473281, 0.09385681640858254, 0.09484189519752123, 0.09544929219246781, 0.09576611436955718, 0.09587191542790026, 0.09584137747614392, 0.09574310862394461, 0.09563504691001387, 0.09555778908430797, 0.09552770986899409], "surface_decohesion_unrelaxed_stress": [-0.0024520013053992034, 0.02358204037988481, 0.04178985689557189, 0.05421413897616077, 0.06276599948209172, 0.0674179647078233, 0.06882136455819364, 0.06802214575804888, 0.06562572066708819, 0.06175400247997066, 0.056645492055417676, 0.051333964106087926, 0.04674958243331624, 0.0430825705754999, 0.04043511074210174, 0.038887873395982146, 0.03657937104288551, 0.03279370867859464, 0.02901499170946343, 0.023889723692385116, 0.01748186767337054, 0.012041223194354666, 0.007812718932864234, 0.00448217459074653, 0.00198515786522711, 0.00025589101131928856, -0.0007508287129008588, -0.001116780278385601, -0.0009719671574586621, -0.0005549372808790965, -2.83949496184682e-05]}