{"surface_decohesion_unrelaxed_opening": [0.0, 0.09999999999999999, 0.19999999999999998, 0.3, 0.39999999999999997, 0.5, 0.6, 0.7000000000000001, 0.7999999999999999, 0.8999999999999999, 1.0, 1.1, 1.2, 1.3, 1.4000000000000001, 1.5, 1.5999999999999999, 1.7, 1.7999999999999998, 1.9, 2.0, 2.1, 2.2, 2.3, 2.4, 2.5, 2.6, 2.7, 2.8000000000000003, 2.9000000000000004, 3.0, 3.0999999999999996, 3.1999999999999997, 3.3, 3.4, 3.5], "surface_decohesion_unrelaxed_energy": [0.0, 0.0010052125255927311, 0.0042161062736880426, 0.009074025205260247, 0.015127799280385537, 0.021929272643279273, 0.029025134327607352, 0.03606017441771405, 0.04286663438613989, 0.049449234233772905, 0.05589439031926934, 0.062279564950209816, 0.06858624639379166, 0.07465247134527284, 0.08034674278669728, 0.0855389026110022, 0.09012447522559329, 0.09402811604919033, 0.09713969843279488, 0.09958907605825376, 0.10158198112750477, 0.10332228223220535, 0.10496505447255577, 0.10659197942959193, 0.10820968884366183, 0.10974745171901529, 0.11101982664392854, 0.11202129977997255, 0.11277740486916188, 0.11331761393521202, 0.11367780875595168, 0.11389860422788876, 0.11402063740554515, 0.11407860233141005, 0.11409608820995838, 0.11409613865853942], "surface_decohesion_unrelaxed_stress": [-0.0029324094494412433, 0.02205859566486804, 0.04118121500061038, 0.055280924722715924, 0.06504587630945063, 0.0701929931800523, 0.07110220238699472, 0.06932525050501187, 0.06684179734893475, 0.06497935458101506, 0.06407346232088751, 0.06363671762854224, 0.062135349400613396, 0.05900907662089428, 0.05464323590297777, 0.04901091773907583, 0.04264506630759969, 0.03508522017616971, 0.027470749203769573, 0.021860583280654603, 0.018355398514907972, 0.01671400787826169, 0.01628077032357422, 0.016253826749038854, 0.016042953813453706, 0.014238526679847043, 0.011307073475158847, 0.00874862124823509, 0.0064257882889012085, 0.004437650253343656, 0.0028357273014180456, 0.0016491493212866146, 0.000852534901242038, 0.00034065417938454435, 4.8372513614322565e-05, -8.05441996119815e-06]}