{"energies": [-160.1788529855716, -162.95561312549387, -158.54496821000004], "volumes": [483.08179615189937, 39.5161514436947, 6398.64160118834]}