{"bulk_struct_test": "bulk_Si_diamond", "bulk_E_per_atom": -163.1759219678757, "defects": {"ind_0_Z_14": {"Ef0": 3.847394518012152, "Ef": 3.7173795897106174, "unrelaxed_filename": "Si-model-ACE_N7_18_qr-test-point_defect_Si_diamond_vacancy-ind_0_Z_14-unrelaxed.xyz", "relaxed_filename": "Si-model-ACE_N7_18_qr-test-point_defect_Si_diamond_vacancy-ind_0_Z_14-relaxed.xyz", "atom_ind": 0, "Z": 14, "vac_pos": [2.707475421893379, 2.7075168330389063, 0.009229539405786727]}}}