{"surface_decohesion_unrelaxed_opening": [0.0, 0.09999999999999999, 0.19999999999999998, 0.3, 0.39999999999999997, 0.5, 0.6, 0.7000000000000001, 0.7999999999999999, 0.8999999999999999, 1.0, 1.1, 1.2, 1.3, 1.4000000000000001, 1.5, 1.5999999999999999, 1.7, 1.7999999999999998, 1.9, 2.0, 2.1, 2.2, 2.3, 2.4, 2.5, 2.6, 2.7, 2.8000000000000003, 2.9000000000000004, 3.0, 3.0999999999999996, 3.1999999999999997, 3.3, 3.4, 3.5], "surface_decohesion_unrelaxed_energy": [0.0, 0.0010107511459265112, 0.004216144642477516, 0.009048237531257884, 0.015098683636517117, 0.022054900002498927, 0.029628602271250887, 0.03750498031713357, 0.0453858165735331, 0.05302351831398696, 0.060241613715156024, 0.06693679454241934, 0.07307800350490364, 0.07872115169500525, 0.08384285090401024, 0.088390900073601, 0.09232252016145194, 0.09562934733015002, 0.09846184039957608, 0.10091104074560207, 0.10303223239403411, 0.10486484797249396, 0.10643752499928402, 0.10775492795583418, 0.10881252652503909, 0.10962039300477038, 0.11027107683542726, 0.11080189534597665, 0.11122436433061764, 0.11155814401104847, 0.11182297744691509, 0.11203673348458032, 0.11220906390585626, 0.11233836778792701, 0.11242350269296815, 0.11247118134349128], "surface_decohesion_unrelaxed_stress": [-0.0028805172559977685, 0.022088131693457788, 0.0410123297564921, 0.054987140840515036, 0.06551527670263566, 0.07315162648617338, 0.07777577639468417, 0.07924767737412891, 0.077949943177267, 0.07450868982240572, 0.06968921178179686, 0.06413274990337763, 0.05887148229712154, 0.05391203548571275, 0.04842579773322559, 0.04247722493925794, 0.0360553802329935, 0.030454671825240413, 0.026305539609769585, 0.02277397219924099, 0.019710331427007215, 0.0169989188994879, 0.014452771132536867, 0.01189239607057074, 0.009227690357834287, 0.007160793966178018, 0.005885643089098206, 0.0047417039136171645, 0.0037461661121441356, 0.0029610915899600694, 0.00236786101693969, 0.00192514854823703, 0.0015141385583496147, 0.0010673263187663715, 0.000649719779938524, 0.00031820122840704707]}