{"surface_decohesion_unrelaxed_energy": [0.0, 0.0009807298616666493, 0.004127141832592805, 0.008860015520331822, 0.014710068796472419, 0.021305021467133305, 0.028351440561550586, 0.03561867521468995, 0.04292752068002505, 0.05014221030986749, 0.05716070717355794, 0.06390746773927172, 0.0703054341748473, 0.07623316253449958, 0.08164894232066704, 0.08652763023589727, 0.09079608009591984, 0.09454170790968235, 0.09780615636382207, 0.10064898678462116, 0.10311941113842175, 0.10524339393245949, 0.10705775563248882, 0.10860398593246928, 0.1099267941827844, 0.11106290434172254, 0.11201834092387061, 0.1128163365024787, 0.1134801215720271, 0.11402546472652295, 0.11445346169282286, 0.1148235102911813, 0.11512871304303647, 0.11537975561504857, 0.11558627074099398, 0.11575618591805213], "surface_decohesion_unrelaxed_opening": [0.0, 0.09999999999999999, 0.19999999999999998, 0.3, 0.39999999999999997, 0.5, 0.6, 0.7000000000000001, 0.7999999999999999, 0.8999999999999999, 1.0, 1.1, 1.2, 1.3, 1.4000000000000001, 1.5, 1.5999999999999999, 1.7, 1.7999999999999998, 1.9, 2.0, 2.1, 2.2, 2.3, 2.4, 2.5, 2.6, 2.7, 2.8000000000000003, 2.9000000000000004, 3.0, 3.0999999999999996, 3.1999999999999997, 3.3, 3.4, 3.5], "surface_decohesion_unrelaxed_stress": [-0.003030994576378253, 0.021640650486337634, 0.04028264760881187, 0.05360732883837013, 0.06277584595409592, 0.06863946574929036, 0.07190744400108781, 0.07314037067305751, 0.07281347686091674, 0.07131177473860242, 0.06893501899065915, 0.06590587218088786, 0.06178330232447126, 0.05673176237806193, 0.051594892537872104, 0.04572269851238135, 0.039928446670188064, 0.03498584502041886, 0.030430461285203127, 0.026510676086932194, 0.022924477605057704, 0.019623627927987452, 0.016731345505003055, 0.014268750052293746, 0.01226481079469127, 0.01043955904653961, 0.008723355251735863, 0.007269984769201758, 0.006050125116151687, 0.004803361487518356, 0.003936632557647668, 0.0033914752216413686, 0.0027550070621967966, 0.0022758562455897843, 0.0018682988941680916, 0.0015438572678445187]}