{"surface_decohesion_unrelaxed_opening": [0.0, 0.09999999999999999, 0.19999999999999998, 0.3, 0.39999999999999997, 0.5, 0.6, 0.7000000000000001, 0.7999999999999999, 0.8999999999999999, 1.0, 1.1, 1.2, 1.3, 1.4000000000000001, 1.5, 1.5999999999999999, 1.7, 1.7999999999999998, 1.9, 2.0, 2.1, 2.2, 2.3, 2.4, 2.5, 2.6, 2.7, 2.8000000000000003, 2.9000000000000004, 3.0, 3.0999999999999996, 3.1999999999999997, 3.3, 3.4, 3.5], "surface_decohesion_unrelaxed_energy": [0.0, 0.0010050159558083176, 0.0042159809112801, 0.009073664522881771, 0.015126623471316184, 0.02192870327961874, 0.029028664654270925, 0.03607085734214529, 0.042885141396126175, 0.04947441964100726, 0.0559248595312299, 0.06231273044350685, 0.06861784705771032, 0.07468755423794693, 0.08039168699519418, 0.08559550967441452, 0.09018419329665035, 0.09406830360323525, 0.09713741939680343, 0.09953660945820661, 0.10148567487871203, 0.1031993127803715, 0.10483901321540647, 0.10648453011290243, 0.10812943329435319, 0.10968209855156025, 0.11096722627920787, 0.11198065611266671, 0.11274587067434143, 0.11329219106572734, 0.11365709986729457, 0.11388366711817603, 0.1140142904310301, 0.11408273129237569, 0.11410675644410476, 0.11410683571279227], "surface_decohesion_unrelaxed_stress": [-0.002937391416189971, 0.022058807544378414, 0.04118158857707934, 0.05527429515950785, 0.06504050758597166, 0.07021483719871438, 0.07116137910781303, 0.06940426824582976, 0.06691585016452598, 0.06503920006192607, 0.06411889364088084, 0.06363454944953792, 0.06213253435538124, 0.05908002696213894, 0.05476255592057785, 0.04910841244957806, 0.04257898332479536, 0.0347594721158627, 0.026979911216346367, 0.021370058667892686, 0.017987518569340652, 0.016560966719691844, 0.016368764652723175, 0.01652049464534311, 0.016261859134307707, 0.014359121977160133, 0.01143544250269141, 0.0088558348452683, 0.006500549970242795, 0.0044880138655788195, 0.00288427035603584, 0.001719186283739297, 0.0009547014210743721, 0.0004339332579520364, 8.354593935643485e-05, -4.498440287978296e-05]}