{"surface_decohesion_unrelaxed_opening": [0.0, 0.09999999999999999, 0.19999999999999998, 0.3, 0.39999999999999997, 0.5, 0.6, 0.7000000000000001, 0.7999999999999999, 0.8999999999999999, 1.0, 1.1, 1.2, 1.3, 1.4000000000000001, 1.5, 1.5999999999999999, 1.7, 1.7999999999999998, 1.9, 2.0, 2.1, 2.2, 2.3, 2.4, 2.5, 2.6, 2.7, 2.8000000000000003, 2.9000000000000004, 3.0, 3.0999999999999996, 3.1999999999999997, 3.3, 3.4, 3.5], "surface_decohesion_unrelaxed_energy": [0.0, 0.002089960068967238, 0.00914054986493323, 0.020342682697718797, 0.03475146628077227, 0.05138429938197187, 0.06932539334032697, 0.08783650851414765, 0.10626440851576051, 0.12402538493705195, 0.14058706639072505, 0.15548981868322115, 0.16875209844364497, 0.1804691276322326, 0.1907739312283127, 0.19990068737496763, 0.20810370319036772, 0.21565179085216676, 0.2227119147787266, 0.2292119534134003, 0.23477886254302857, 0.2388022791431137, 0.24195242013321933, 0.2447339079136203, 0.24733593961243858, 0.2498463997620515, 0.2522515052563455, 0.25450604392319837, 0.25660688813628596, 0.2585091997316385, 0.2601946440614076, 0.2616477439607916, 0.2628770482516639, 0.2639127565763655, 0.2647982055562618, 0.26557299695147113], "surface_decohesion_unrelaxed_stress": [-0.006489792197323236, 0.04699587145066708, 0.09272280234265186, 0.1296945980412724, 0.15682629796742942, 0.17424871061660152, 0.18339667135280555, 0.18573087793744894, 0.181850272160407, 0.17253432610805464, 0.15769215965630845, 0.140630047651786, 0.12473861132414692, 0.10979477552196802, 0.09673727012801143, 0.08620293624803965, 0.07834414374148202, 0.07295359310200673, 0.0680878315012573, 0.061499957729969607, 0.04792077050792164, 0.03452673212974557, 0.029179028678817262, 0.026706016270183645, 0.025502490617028414, 0.024658776714637766, 0.023329371841626347, 0.021813060753263204, 0.020079871543534352, 0.017962127325801568, 0.01570429690690853, 0.013377011921157943, 0.01125978111615425, 0.009534242081443517, 0.008237969696005628, 0.00732109038770245]}