{"bulk_struct_test": "bulk_Si_diamond", "bulk_E_per_atom": -163.17552797522282, "defects": {"ind_0_Z_14": {"Ef0": 3.6314363086767116, "Ef": 3.440170931688044, "unrelaxed_filename": "Si-model-pACE_B8_N4_19_07_lap_1.1-test-point_defect_Si_diamond_vacancy-ind_0_Z_14-unrelaxed.xyz", "relaxed_filename": "Si-model-pACE_B8_N4_19_07_lap_1.1-test-point_defect_Si_diamond_vacancy-ind_0_Z_14-relaxed.xyz", "atom_ind": 0, "Z": 14, "vac_pos": [2.6873124480372095, 2.687481373986892, 0.02778035154956135]}}}