{"surface_decohesion_unrelaxed_opening": [0.0, 0.09999999999999999, 0.19999999999999998, 0.3, 0.39999999999999997, 0.5, 0.6, 0.7000000000000001, 0.7999999999999999, 0.8999999999999999, 1.0, 1.1, 1.2, 1.3, 1.4000000000000001, 1.5, 1.5999999999999999, 1.7, 1.7999999999999998, 1.9, 2.0, 2.1, 2.2, 2.3, 2.4, 2.5, 2.6, 2.7, 2.8000000000000003, 2.9000000000000004, 3.0, 3.0999999999999996, 3.1999999999999997, 3.3, 3.4, 3.5], "surface_decohesion_unrelaxed_energy": [0.0, 0.002139296597893306, 0.009302842675173542, 0.0206000187375317, 0.03494916118242092, 0.05124922415355311, 0.06853205648280462, 0.08602058607556906, 0.1032109296619432, 0.11993701317371948, 0.13632323050695827, 0.1526577443873592, 0.16810624323632903, 0.181732280078848, 0.19309460276898324, 0.20219284629183445, 0.2094764552023618, 0.21564170505453334, 0.22135356034894393, 0.22705323281953133, 0.23297282725704604, 0.23924422710169674, 0.24434244948436515, 0.24780500007601933, 0.24986953128384753, 0.2509546143107997, 0.2515418929312743, 0.2520576854042745, 0.2527928740825302, 0.2538780924162424, 0.25530882460671106, 0.2569993861951308, 0.2588392254551124, 0.2607292461344368, 0.26258701056773637, 0.264323720323028], "surface_decohesion_unrelaxed_stress": [-0.006537154019775832, 0.047918649676754826, 0.09394783556796273, 0.1301116722405462, 0.15499503068727333, 0.16938436749100233, 0.17495435836022838, 0.17393905672856233, 0.16965561009968172, 0.1649313158172242, 0.16398815198187117, 0.16073801266448345, 0.14655017924132013, 0.12529734111489746, 0.10191124227871468, 0.08087467615983979, 0.0660456260832847, 0.05840858238798778, 0.05663319876222802, 0.05740445551303955, 0.0623269864286754, 0.05901742723722207, 0.042691971442006545, 0.027037876224427944, 0.014968977644756604, 0.007574640239955958, 0.004903310818223923, 0.005904249291391323, 0.009009126553887747, 0.012671454852093447, 0.015783569763163672, 0.017833079461908062, 0.018796137841247045, 0.018878167352284463, 0.018124746128330822, 0.01645707379212573]}