{"surface_decohesion_unrelaxed_opening": [0.0, 0.1, 0.2, 0.30000000000000004, 0.4, 0.5, 0.6000000000000001, 0.7, 0.8, 0.8999999999999999, 1.0, 1.0999999999999999, 1.2000000000000002, 1.3, 1.4, 1.5, 1.6, 1.7, 1.7999999999999998, 1.9, 2.0, 2.0999999999999996, 2.1999999999999997, 2.3000000000000003, 2.4000000000000004, 2.5, 2.6, 2.7, 2.8, 2.9, 3.0], "surface_decohesion_unrelaxed_energy": [0.0, 0.0011131921689476892, 0.004446050973225309, 0.009262014532284063, 0.015121852209595677, 0.021699947318458184, 0.028692950563277836, 0.03583150659719722, 0.04291103636355648, 0.04977314829540874, 0.05629457803657873, 0.06229415191622964, 0.06769681162710682, 0.07254050227071206, 0.0767816423266267, 0.08042835035725322, 0.08351174732874159, 0.08605419238382502, 0.08808703078298567, 0.08956323395571601, 0.0906771381500073, 0.09165917655830129, 0.09253531866436725, 0.0933044051527092, 0.09397062584007958, 0.09452302986937486, 0.09499583207174671, 0.09539243916004768, 0.09571848973122157, 0.09597620290287477, 0.09616157672135592], "surface_decohesion_unrelaxed_stress": [-0.002661096386627103, 0.023577597315853717, 0.04173223631997151, 0.05395812830435133, 0.06270928755373437, 0.0683427050659349, 0.07105284279299046, 0.07139270212427483, 0.06991892271826979, 0.06718085794899137, 0.06286389567643233, 0.056993667969906625, 0.05122844015978299, 0.045483082025433524, 0.03938415272408036, 0.03361574967448009, 0.028055998641445673, 0.022935516556891203, 0.017460438758312585, 0.012493975566588506, 0.010266879985980852, 0.009316782567045934, 0.008211405176634507, 0.007194454558652878, 0.0060699918601231345, 0.00508431950082475, 0.004348917086592979, 0.0036022908729876563, 0.0029216492057023355, 0.002224024589016783, 0.0014748621422606954]}