{"surface_decohesion_unrelaxed_opening": [0.0, 0.1, 0.2, 0.30000000000000004, 0.4, 0.5, 0.6000000000000001, 0.7, 0.8, 0.8999999999999999, 1.0, 1.0999999999999999, 1.2000000000000002, 1.3, 1.4, 1.5, 1.6, 1.7, 1.7999999999999998, 1.9, 2.0, 2.0999999999999996, 2.1999999999999997, 2.3000000000000003, 2.4000000000000004, 2.5, 2.6, 2.7, 2.8, 2.9, 3.0], "surface_decohesion_unrelaxed_energy": [0.0, 0.001126076311041608, 0.004494000632799043, 0.00941399243109253, 0.015478696225856492, 0.022379091578141507, 0.029788206238690964, 0.03733870797232972, 0.044694716179484506, 0.05161805741824626, 0.05795564340775351, 0.06362773822222638, 0.06867662110075722, 0.07319814447882671, 0.07721416669413972, 0.08076365597921925, 0.08389311443686887, 0.08651124631954765, 0.08859549447353691, 0.09018299662734525, 0.09142470439944829, 0.09245030927853597, 0.09329642034735043, 0.09397639604318793, 0.09450653489637958, 0.09490852304249218, 0.09520686875045943, 0.09542890708229984, 0.09560348013778634, 0.09575805704397461, 0.09589436401189982], "surface_decohesion_unrelaxed_stress": [-0.0024760541100280423, 0.023733791747427707, 0.04236090610428853, 0.05546006743694576, 0.06533969193965203, 0.07213413921591541, 0.07540905158172054, 0.07501814628284913, 0.07171366151068893, 0.0665076910518913, 0.060083391129816074, 0.0534491685482487, 0.04774926546729978, 0.042665957280560655, 0.037713273211933206, 0.03344629488348356, 0.028869979536007076, 0.02350149718234046, 0.0181954328346732, 0.01386928071289394, 0.011203742091090919, 0.00933513045846428, 0.007607214512117466, 0.006018614432624, 0.004621764228260187, 0.0034581386334633264, 0.0025556968602828013, 0.0019305951196352433, 0.0016202642809834186, 0.0014628466066746637, 0.001254865515722055]}