{"surface_decohesion_unrelaxed_opening": [0.0, 0.1, 0.2, 0.30000000000000004, 0.4, 0.5, 0.6000000000000001, 0.7, 0.8, 0.8999999999999999, 1.0, 1.0999999999999999, 1.2000000000000002, 1.3, 1.4, 1.5, 1.6, 1.7, 1.7999999999999998, 1.9, 2.0, 2.0999999999999996, 2.1999999999999997, 2.3000000000000003, 2.4000000000000004, 2.5, 2.6, 2.7, 2.8, 2.9, 3.0], "surface_decohesion_unrelaxed_energy": [0.0, 0.0011241987467761714, 0.00446094090626757, 0.009258147646822066, 0.015121062281365151, 0.0218057739238241, 0.02907139360133814, 0.03663261613019088, 0.044180221250422744, 0.05141295857225416, 0.058093595230922376, 0.06399942788105441, 0.0691261658768598, 0.07365191212861241, 0.07762055131735661, 0.08107290317169297, 0.08401733731674206, 0.08646449206116219, 0.088416219424822, 0.08978279545746289, 0.09080172794464621, 0.09174730383616941, 0.09263528091081291, 0.0934521863284237, 0.09418163733870712, 0.09480048582069175, 0.0953250729064544, 0.09575719028329309, 0.09610340209423279, 0.09636678653188543, 0.09654415032897408], "surface_decohesion_unrelaxed_stress": [-0.0026115661955982946, 0.023700122831229787, 0.04163930205870624, 0.053761135935322016, 0.06311979545293314, 0.0701884705630064, 0.07463626189423095, 0.07607174805107343, 0.07434157537401323, 0.06997222371477224, 0.06317074918188728, 0.05493885882168621, 0.04805093490948964, 0.04243192896709485, 0.03705291243703634, 0.0319861525771764, 0.026906057235821238, 0.022137285163615572, 0.01651126535211587, 0.011366755316942064, 0.009586968974840548, 0.00922062014489071, 0.008537139430598015, 0.007777296900345676, 0.006744365804845287, 0.0056942246483158345, 0.004781802634310776, 0.0038796986924807485, 0.0030492782291172624, 0.002211075848821265, 0.001328865417836374]}