{"surface_decohesion_unrelaxed_opening": [0.0, 0.09999999999999999, 0.19999999999999998, 0.3, 0.39999999999999997, 0.5, 0.6, 0.7000000000000001, 0.7999999999999999, 0.8999999999999999, 1.0, 1.1, 1.2, 1.3, 1.4000000000000001, 1.5, 1.5999999999999999, 1.7, 1.7999999999999998, 1.9, 2.0, 2.1, 2.2, 2.3, 2.4, 2.5, 2.6, 2.7, 2.8000000000000003, 2.9000000000000004, 3.0, 3.0999999999999996, 3.1999999999999997, 3.3, 3.4, 3.5], "surface_decohesion_unrelaxed_energy": [0.0, 0.0010063951048138388, 0.004193605794174525, 0.008973975468868809, 0.014926754526027507, 0.021742876814106724, 0.029153468427706553, 0.03687710413468465, 0.04462883576071135, 0.05216890775388703, 0.059278212655228965, 0.06577480926401058, 0.07160863872735772, 0.07698571885355669, 0.08190923814718004, 0.08633689899855018, 0.09018728988506577, 0.09338340893712631, 0.09613858065674409, 0.09862595178246152, 0.10092154891044128, 0.10304026673037692, 0.10496534212377315, 0.10666755804135675, 0.10806946123956591, 0.10909622856609723, 0.10996743400583023, 0.1107499949862252, 0.11145744512433059, 0.11209019300248184, 0.11263476607769544, 0.11307102107669148, 0.11340565658351086, 0.113618038840735, 0.11367904831242644, 0.11363917890132687], "surface_decohesion_unrelaxed_stress": [-0.0029240549311578263, 0.022009992999153617, 0.04069225675977912, 0.054248390883379086, 0.06430864166229387, 0.07158408282458248, 0.07615644408974773, 0.07781696043376453, 0.07683673416533858, 0.07359021148095309, 0.06828372674637675, 0.0614519268372458, 0.055821348068503314, 0.05158996857512351, 0.046836760225672035, 0.04159839487199456, 0.03511121242292195, 0.02935205359360108, 0.026019296353023344, 0.023847046354360857, 0.022081565840448965, 0.020256138721306962, 0.01820767567427766, 0.015731897910975873, 0.011988306155603298, 0.009174993208826206, 0.008250903997021046, 0.00743438340692882, 0.006711895930274074, 0.0059239733596729086, 0.004911839231980044, 0.0038535119386968394, 0.0028008281876970922, 0.0013537082318213845, -1.3909247516934674e-05, -0.0006638694239985416]}