{"surface_decohesion_unrelaxed_opening": [0.0, 0.09999999999999999, 0.19999999999999998, 0.3, 0.39999999999999997, 0.5, 0.6, 0.7000000000000001, 0.7999999999999999, 0.8999999999999999, 1.0, 1.1, 1.2, 1.3, 1.4000000000000001, 1.5, 1.5999999999999999, 1.7, 1.7999999999999998, 1.9, 2.0, 2.1, 2.2, 2.3, 2.4, 2.5, 2.6, 2.7, 2.8000000000000003, 2.9000000000000004, 3.0, 3.0999999999999996, 3.1999999999999997, 3.3, 3.4, 3.5], "surface_decohesion_unrelaxed_energy": [0.0, 0.001790664329202449, 0.006491039291514515, 0.013603652305106828, 0.022665683644648875, 0.033224503792182385, 0.04480996607345102, 0.056903907700768405, 0.06890966781838108, 0.08013072448738655, 0.0897818828789406, 0.09708378333990174, 0.10152335062383808, 0.10330871905627204, 0.10360847611047116, 0.10361455255729159, 0.10361455258532574, 0.10361455258532574, 0.10361455258532574, 0.10361455258532574, 0.10361455258532574, 0.10361455258532574, 0.10361455258532574, 0.10361455258532574, 0.10361455258532574, 0.10361455258532574, 0.10361455258532574, 0.10361455258532574, 0.10361455258532574, 0.10361455258532574, 0.10361455258532574, 0.10361455258532574, 0.10361455258532574, 0.10361455258532574, 0.10361455258532574, 0.10361455258532574], "surface_decohesion_unrelaxed_stress": [0.0016718993059532709, 0.03329829186783414, 0.05986611196814562, 0.08162689953671479, 0.09886562047902597, 0.11153616315944762, 0.1193181997472482, 0.12157315510914017, 0.11738023216409399, 0.10571041983302878, 0.085944540320575, 0.05910318446012659, 0.029886754185844005, 0.008097870287605764, 0.00027552926272489354, -2.4982307917711957e-05, 6.694214583491415e-06, -1.793709391573193e-06, 4.806229828707717e-07, -1.2878254025683322e-07, 3.450717787900623e-08, -9.246170704080279e-09, 2.4775036189250624e-09, -6.638448124540759e-10, 1.77876741114247e-10, -4.766194383609697e-11, 1.2770826063324124e-11, -3.4217073618947296e-12, 9.165584957671044e-13, -2.455674552592759e-13, 6.598888102615788e-14, -1.762479051592448e-14, 5.152128723651123e-15, -1.78098276866952e-15, 7.343662714968478e-16, -1.6653345369377334e-15]}