{"bulk_struct_test": "bulk_Si_diamond", "bulk_E_per_atom": -163.17699513917233, "defects": {"ind_0_Z_14": {"Ef0": 3.709385131887757, "Ef": 3.5428016413061414, "unrelaxed_filename": "Si-model-pACE_B8_N4_18_07_lap_1.1-test-point_defect_Si_diamond_vacancy-ind_0_Z_14-unrelaxed.xyz", "relaxed_filename": "Si-model-pACE_B8_N4_18_07_lap_1.1-test-point_defect_Si_diamond_vacancy-ind_0_Z_14-relaxed.xyz", "atom_ind": 0, "Z": 14, "vac_pos": [2.6848055998342044, 2.68491966852245, 0.02347943223293959]}}}