{"surface_decohesion_unrelaxed_opening": [0.0, 0.09999999999999999, 0.19999999999999998, 0.3, 0.39999999999999997, 0.5, 0.6, 0.7000000000000001, 0.7999999999999999, 0.8999999999999999, 1.0, 1.1, 1.2, 1.3, 1.4000000000000001, 1.5, 1.5999999999999999, 1.7, 1.7999999999999998, 1.9, 2.0, 2.1, 2.2, 2.3, 2.4, 2.5, 2.6, 2.7, 2.8000000000000003, 2.9000000000000004, 3.0, 3.0999999999999996, 3.1999999999999997, 3.3, 3.4, 3.5], "surface_decohesion_unrelaxed_energy": [0.0, 0.002091364919305566, 0.009150936787935058, 0.020338466249198207, 0.03477227243461936, 0.0515991652835289, 0.0699767299992754, 0.08902586069493378, 0.10785541214685414, 0.12567919337555952, 0.1419833748287638, 0.15666859083389884, 0.1697111322066832, 0.18113209327761304, 0.1910953606390438, 0.19980708145721016, 0.207487309685303, 0.2143699528502415, 0.22071249884145952, 0.226790034888692, 0.23285803034833505, 0.23894205293596119, 0.24382352170890517, 0.2474828065269163, 0.2502233457208502, 0.25231575777519116, 0.25400914333282776, 0.2555240246586302, 0.25702972469645363, 0.2586190786452649, 0.26029545619104755, 0.2619816319129415, 0.26355072814879854, 0.2648706545300486, 0.2658483856477395, 0.2664602563681353], "surface_decohesion_unrelaxed_stress": [-0.006685584690864753, 0.0471337835083257, 0.09267855429561371, 0.129565039205999, 0.15770135828091908, 0.1774504987002446, 0.1886303738577843, 0.19082886821076428, 0.18441461772652173, 0.171112641301923, 0.1549736975230743, 0.1386744923559579, 0.12216105439067855, 0.1065863633927523, 0.09302034500912869, 0.0815819019586477, 0.07241051854405717, 0.06566216565606688, 0.06169649351637245, 0.06015432143195759, 0.062052165962060646, 0.05619755613787315, 0.042122350303548675, 0.031535650376586545, 0.023729768548459568, 0.018533812877821174, 0.01570890829957898, 0.014878560427032936, 0.01539429090106875, 0.016395895567734044, 0.01699407166580961, 0.016504415799325236, 0.0146464238694239, 0.011580567236193207, 0.007961032154028748, 0.004263359290291865]}