{"surface_decohesion_unrelaxed_opening": [0.0, 0.09999999999999999, 0.19999999999999998, 0.3, 0.39999999999999997, 0.5, 0.6, 0.7000000000000001, 0.7999999999999999, 0.8999999999999999, 1.0, 1.1, 1.2, 1.3, 1.4000000000000001, 1.5, 1.5999999999999999, 1.7, 1.7999999999999998, 1.9, 2.0, 2.1, 2.2, 2.3, 2.4, 2.5, 2.6, 2.7, 2.8000000000000003, 2.9000000000000004, 3.0, 3.0999999999999996, 3.1999999999999997, 3.3, 3.4, 3.5], "surface_decohesion_unrelaxed_energy": [0.0, 0.0020905858853209934, 0.009117969040249089, 0.020307866887937318, 0.034763418211797306, 0.05153225956516236, 0.06967942411180787, 0.08834805979874007, 0.10679913650836435, 0.12442779026201536, 0.14078723163962226, 0.1555512733519952, 0.16857183783351543, 0.1798712198462671, 0.1896425109693622, 0.19822086836550806, 0.2059975425898268, 0.21331005643803624, 0.2203370534729779, 0.2270159626566277, 0.2330055065163293, 0.2377836694382025, 0.24170057004389306, 0.2450232370851142, 0.2478532945291157, 0.2502874305155913, 0.25241135800563747, 0.2542925695556036, 0.25597694819549105, 0.25749042114488685, 0.25884506930828, 0.2600476609667387, 0.26110649477389963, 0.26203634069236287, 0.26286440014045503, 0.2636091723879277], "surface_decohesion_unrelaxed_stress": [-0.006263064787382741, 0.04683231384752404, 0.09247288060475926, 0.12979459381192882, 0.15771221929397158, 0.17608830932893565, 0.18541472039060336, 0.1867268161159812, 0.18126938704216777, 0.1705875496136079, 0.1560232684411353, 0.13902386932124544, 0.12141944009068066, 0.10489676514418718, 0.09111369340797136, 0.08113791680115937, 0.07498558800133091, 0.07159537336936182, 0.06881824501575526, 0.06430883312536118, 0.05400001378334166, 0.04272231518851573, 0.035962631289505206, 0.030614189060814312, 0.02616234702391987, 0.022662225757819045, 0.019930654240455075, 0.017769328480729804, 0.01595973753223456, 0.014327269068827603, 0.012774819576123779, 0.011290647282234684, 0.00990535526353059, 0.00874832343236967, 0.007838512003648325, 0.007082579419979689]}