{"surface_decohesion_unrelaxed_opening": [0.0, 0.09999999999999999, 0.19999999999999998, 0.3, 0.39999999999999997, 0.5, 0.6, 0.7000000000000001, 0.7999999999999999, 0.8999999999999999, 1.0, 1.1, 1.2, 1.3, 1.4000000000000001, 1.5, 1.5999999999999999, 1.7, 1.7999999999999998, 1.9, 2.0, 2.1, 2.2, 2.3, 2.4, 2.5, 2.6, 2.7, 2.8000000000000003, 2.9000000000000004, 3.0, 3.0999999999999996, 3.1999999999999997, 3.3, 3.4, 3.5], "surface_decohesion_unrelaxed_energy": [0.0, 0.0010050160145699788, 0.004215981008669295, 0.009073664676859489, 0.015126623631291764, 0.02192870349048922, 0.029028664877365305, 0.03607085758498264, 0.042885141655642355, 0.0494744199062388, 0.05592485977288288, 0.062312730658886595, 0.06861784724460021, 0.0746875543973249, 0.0803916871217469, 0.08559550975419043, 0.0901841933445246, 0.09406830362628138, 0.09713741940315986, 0.09953660945839134, 0.10148567487144289, 0.10319931277361305, 0.1048390132106799, 0.10648453011103354, 0.10812943329133254, 0.10968209854662722, 0.11096722627868633, 0.11198065610547363, 0.1127458706624761, 0.11329219104111654, 0.11365709983717488, 0.11388366708286253, 0.11401429039734647, 0.11408273125706218, 0.11410675640809587, 0.11410683567489274], "surface_decohesion_unrelaxed_stress": [-0.0029373904524230944, 0.022058807893584574, 0.041181589138163666, 0.055274295422446086, 0.06504050785072588, 0.07021483758354208, 0.07116137919731211, 0.06940426846201153, 0.06691585030295381, 0.065039199963859, 0.06411889335882508, 0.06363454918027414, 0.062132534071599035, 0.05908002668647785, 0.05476255549688954, 0.04910841203193117, 0.042578983058717296, 0.03475947189592849, 0.026979911116627037, 0.021370058600862, 0.017987518528415194, 0.01656096674212862, 0.016368764680179615, 0.01652049465976768, 0.016261859100330928, 0.014359122006719197, 0.011435442493405227, 0.008855834785051746, 0.006500549880080751, 0.004488013763912366, 0.0028842703052329366, 0.0017191862675362164, 0.0009547014297706449, 0.00043393323937078877, 8.35459352276889e-05, -4.4984445365381335e-05]}