{"bulk_struct_test": "bulk_Si_diamond", "bulk_E_per_atom": -4.336547867561949, "defects": {"ind_0_Z_14": {"Ef0": 4.336547867361276, "Ef": 2.8968005714402807, "unrelaxed_filename": "Si-model-SW_LAMMPS-test-point_defect_Si_diamond_vacancy-ind_0_Z_14-unrelaxed.xyz", "relaxed_filename": "Si-model-SW_LAMMPS-test-point_defect_Si_diamond_vacancy-ind_0_Z_14-relaxed.xyz", "atom_ind": 0, "Z": 14, "vac_pos": [2.6226870249074246, 2.622267279415539, 0.015727489093808635]}}}