{"bulk_struct_test": "bulk_Si_diamond", "bulk_E_per_atom": -163.17593266126462, "defects": {"ind_0_Z_14": {"Ef0": 3.926157262738343, "Ef": 3.714264218311655, "unrelaxed_filename": "Si-model-ACE_N7_18_rrqr_E-11-test-point_defect_Si_diamond_vacancy-ind_0_Z_14-unrelaxed.xyz", "relaxed_filename": "Si-model-ACE_N7_18_rrqr_E-11-test-point_defect_Si_diamond_vacancy-ind_0_Z_14-relaxed.xyz", "atom_ind": 0, "Z": 14, "vac_pos": [2.7075328121542213, 2.707789684214084, 0.012827938406701846]}}}