{"bulk_struct_test": "bulk_Si_diamond", "bulk_E_per_atom": -163.1759219692441, "defects": {"ind_0_Z_14": {"Ef0": 3.8473945139903662, "Ef": 3.7173795886246808, "unrelaxed_filename": "Si-model-ACE_N7_18_rrqr_E-16-test-point_defect_Si_diamond_vacancy-ind_0_Z_14-unrelaxed.xyz", "relaxed_filename": "Si-model-ACE_N7_18_rrqr_E-16-test-point_defect_Si_diamond_vacancy-ind_0_Z_14-relaxed.xyz", "atom_ind": 0, "Z": 14, "vac_pos": [2.7074754058204196, 2.7075168226584627, 0.009229478539882112]}}}