{"surface_decohesion_unrelaxed_opening": [0.0, 0.09999999999999999, 0.19999999999999998, 0.3, 0.39999999999999997, 0.5, 0.6, 0.7000000000000001, 0.7999999999999999, 0.8999999999999999, 1.0, 1.1, 1.2, 1.3, 1.4000000000000001, 1.5, 1.5999999999999999, 1.7, 1.7999999999999998, 1.9, 2.0, 2.1, 2.2, 2.3, 2.4, 2.5, 2.6, 2.7, 2.8000000000000003, 2.9000000000000004, 3.0, 3.0999999999999996, 3.1999999999999997, 3.3, 3.4, 3.5], "surface_decohesion_unrelaxed_energy": [0.0, 0.002084495000815275, 0.00899374505216722, 0.019853065108493842, 0.0337834128446979, 0.04995371977972594, 0.06761136214892954, 0.08606483781214633, 0.10464975038903435, 0.12266689454482461, 0.1395278187342479, 0.1548149399407114, 0.16838133269016722, 0.18025193043006357, 0.190598319531164, 0.19970331236537492, 0.20787136015854096, 0.21534876822025117, 0.22227126915462372, 0.22863494316144178, 0.23426648211053627, 0.2388490827259762, 0.24258909024340794, 0.24569289936820268, 0.24830497679413155, 0.2505451139337549, 0.25250682239740013, 0.2542599322185876, 0.2558560772906643, 0.2573351348034696, 0.2587308754258177, 0.26007454848870537, 0.2613923308106309, 0.2626454784219931, 0.26382240827715814, 0.26491289534158924], "surface_decohesion_unrelaxed_stress": [-0.006183243963867446, 0.046420934620504534, 0.09031185704686592, 0.12538874042238884, 0.15182321503949886, 0.17033803955657806, 0.18166310586113815, 0.18634307797148075, 0.18411622945608497, 0.17525370618452846, 0.1612109961622052, 0.14434367104325452, 0.12701973834235963, 0.11068709026786915, 0.09674150581606535, 0.08588834452721328, 0.07789633489639075, 0.07188999153351223, 0.06654096885204352, 0.06053138129403138, 0.0511898946492063, 0.04113322704517626, 0.03395544115623554, 0.028359507596675708, 0.024083124978774847, 0.020874429454790767, 0.01847452530011727, 0.0166720178897206, 0.015315049938926791, 0.014323859901030375, 0.013633454511552429, 0.013324732609834597, 0.01291127659350938, 0.01215805901476092, 0.011358811343260106, 0.010429203200082162]}