{"surface_decohesion_unrelaxed_opening": [0.0, 0.1, 0.2, 0.30000000000000004, 0.4, 0.5, 0.6000000000000001, 0.7, 0.8, 0.8999999999999999, 1.0, 1.0999999999999999, 1.2000000000000002, 1.3, 1.4, 1.5, 1.6, 1.7, 1.7999999999999998, 1.9, 2.0, 2.0999999999999996, 2.1999999999999997, 2.3000000000000003, 2.4000000000000004, 2.5, 2.6, 2.7, 2.8, 2.9, 3.0], "surface_decohesion_unrelaxed_energy": [0.0, 0.0011220510386087531, 0.004456504220035683, 0.009288707343538058, 0.015168513568877481, 0.02169802735440477, 0.028511304314180447, 0.03534004951224042, 0.04200510184220919, 0.048357223936962866, 0.054259708314493456, 0.05963514498629531, 0.06452580548349882, 0.06901325964199524, 0.07319232698217444, 0.07716545862620905, 0.08098181208494215, 0.08446567431521125, 0.08755725519690133, 0.09023651669588098, 0.0923180745822212, 0.09379702928351631, 0.09479683740447997, 0.09541896985377432, 0.09575105367231822, 0.09587264362188676, 0.0958576618168114, 0.09577323416268882, 0.09567547918311176, 0.09560355169925244, 0.09557373146729337], "surface_decohesion_unrelaxed_stress": [-0.0024481620765315058, 0.023585851974442493, 0.04179988077983206, 0.054214314054108266, 0.06270314346898898, 0.06725271239593714, 0.0685697293063514, 0.06772903511372708, 0.06532805607960218, 0.06147397330953758, 0.05641424485077556, 0.05120667876733366, 0.04674195515005033, 0.043168940303462494, 0.04057792859636909, 0.03908531483747555, 0.03676536513676027, 0.03285969528555007, 0.0290591470798151, 0.02402898781528149, 0.017649483218653984, 0.012188456939161853, 0.007959573692462439, 0.004631465398728303, 0.0021410527477711654, 0.00041453665356017307, -0.0006009550272156192, -0.0009930003206351172, -0.0008925227012334306, -0.0005273827775223395, -5.037766322914245e-05]}