{"surface_decohesion_unrelaxed_opening": [0.0, 0.09999999999999999, 0.19999999999999998, 0.3, 0.39999999999999997, 0.5, 0.6, 0.7000000000000001, 0.7999999999999999, 0.8999999999999999, 1.0, 1.1, 1.2, 1.3, 1.4000000000000001, 1.5, 1.5999999999999999, 1.7, 1.7999999999999998, 1.9, 2.0, 2.1, 2.2, 2.3, 2.4, 2.5, 2.6, 2.7, 2.8000000000000003, 2.9000000000000004, 3.0, 3.0999999999999996, 3.1999999999999997, 3.3, 3.4, 3.5], "surface_decohesion_unrelaxed_energy": [0.0, 0.0010058532444900687, 0.004188598623136766, 0.008978628432209092, 0.014958643280409134, 0.021817835349354615, 0.02929371808076842, 0.037153948553081635, 0.04512556297974735, 0.052945129649302286, 0.06034914614993252, 0.0670664939819687, 0.07300292794264591, 0.07845627453488874, 0.08344088606198276, 0.08794351007703777, 0.09183047187823654, 0.09493956417611842, 0.09754064479773165, 0.09992920811189465, 0.1022002650159133, 0.10434151389309237, 0.10629555314969288, 0.10797662566369157, 0.1091982237812906, 0.10976324254489057, 0.11011607417638104, 0.11038884038041763, 0.11062354004062594, 0.11085282529799048, 0.11111067403694173, 0.11141635354742631, 0.11176907871800985, 0.11211813794741574, 0.11233521116761863, 0.11239835114536985], "surface_decohesion_unrelaxed_stress": [-0.0028375548451651912, 0.021948806425325196, 0.04070028783796741, 0.05443329785437591, 0.06466786046269983, 0.07207146780919035, 0.07709851231131752, 0.07961787905734982, 0.07938531842865174, 0.07657628011466358, 0.07101705621824794, 0.06299642499233707, 0.05661069759380708, 0.052254201220034914, 0.04751124110615749, 0.042317900619806725, 0.03490473090222985, 0.027944798743693645, 0.02462126170784874, 0.023259472498197833, 0.022129454844809125, 0.02059188155849801, 0.0183616629345855, 0.015014819821135506, 0.008659176728805161, 0.003946979699613464, 0.003088416325454366, 0.002467290064381148, 0.0022663993443670922, 0.002386660085335616, 0.0028009802037642978, 0.0033152665826825843, 0.003690093897550181, 0.0029778898267994658, 0.0013823202835145038, -0.00010077502223433667]}