{"energies": [-163.0380750360996, -162.59573093598337, -164.5994438250518], "volumes": [20.773305393730684, 21.99915837903227, 25.81324173295612]}