{"surface_decohesion_unrelaxed_opening": [0.0, 0.09999999999999999, 0.19999999999999998, 0.3, 0.39999999999999997, 0.5, 0.6, 0.7000000000000001, 0.7999999999999999, 0.8999999999999999, 1.0, 1.1, 1.2, 1.3, 1.4000000000000001, 1.5, 1.5999999999999999, 1.7, 1.7999999999999998, 1.9, 2.0, 2.1, 2.2, 2.3, 2.4, 2.5, 2.6, 2.7, 2.8000000000000003, 2.9000000000000004, 3.0, 3.0999999999999996, 3.1999999999999997, 3.3, 3.4, 3.5], "surface_decohesion_unrelaxed_energy": [0.0, 0.0021027639071722172, 0.009130668158346051, 0.02019530144670924, 0.03437063333573893, 0.050776593087335266, 0.06861681513429761, 0.08716415518791538, 0.10573919268866788, 0.12371764578794801, 0.1405068170773714, 0.15568007099714723, 0.16917011046547364, 0.1809604414745302, 0.1911403126817471, 0.1999429853355957, 0.20767764761547977, 0.21464898500620758, 0.22107360757677635, 0.22702043111418863, 0.23236530182974133, 0.2368168914227431, 0.2406014123978544, 0.24390941775283137, 0.2468361685683893, 0.24945841422858506, 0.25182979763047875, 0.253984021912313, 0.255939832496895, 0.25770712066322404, 0.25929322010533656, 0.2607082894168299, 0.2619716911304729, 0.2631024943394521, 0.2640927949542355, 0.26495653138206804], "surface_decohesion_unrelaxed_stress": [-0.006519168489112333, 0.04711389371214346, 0.09198363839091994, 0.12772767891028763, 0.15430460128971563, 0.17249266514963002, 0.18311019206852497, 0.18669342959367297, 0.18378741618789302, 0.17476162365573467, 0.16019482085027148, 0.14333184921915582, 0.1263765839161743, 0.10957292943763434, 0.09443776482149184, 0.08215232710836648, 0.07307297475702139, 0.06673576398190523, 0.061862768154256884, 0.0569565466404964, 0.04906187287270515, 0.04068977112531803, 0.03526235966941226, 0.03103658009967969, 0.02763400504791985, 0.024897293981251935, 0.022585690889754796, 0.020528172971569204, 0.01860266321645709, 0.016754136689931552, 0.014982418277063068, 0.013351252809990242, 0.011966701237067152, 0.010608089920410188, 0.009234053794168372, 0.008076806181393219]}