{"bulk_struct_test": "bulk_Si_diamond", "bulk_E_per_atom": -163.1755862768844, "defects": {"ind_0_Z_14": {"Ef0": 3.8467526532549527, "Ef": 3.6793967430603516, "unrelaxed_filename": "Si-model-ACE_B14_N7_18_lap_1.10-test-point_defect_Si_diamond_vacancy-ind_0_Z_14-unrelaxed.xyz", "relaxed_filename": "Si-model-ACE_B14_N7_18_lap_1.10-test-point_defect_Si_diamond_vacancy-ind_0_Z_14-relaxed.xyz", "atom_ind": 0, "Z": 14, "vac_pos": [2.710357622855483, 2.710440001006107, 0.01480277480169352]}}}