{"surface_decohesion_unrelaxed_opening": [0.0, 0.1, 0.2, 0.30000000000000004, 0.4, 0.5, 0.6000000000000001, 0.7, 0.8, 0.8999999999999999, 1.0, 1.0999999999999999, 1.2000000000000002, 1.3, 1.4, 1.5, 1.6, 1.7, 1.7999999999999998, 1.9, 2.0, 2.0999999999999996, 2.1999999999999997, 2.3000000000000003, 2.4000000000000004, 2.5, 2.6, 2.7, 2.8, 2.9, 3.0], "surface_decohesion_unrelaxed_energy": [0.0, 0.0011301911430905926, 0.004237216192203233, 0.008665733809829407, 0.01414681161420748, 0.020848196876701267, 0.02863505359085175, 0.03678051944880454, 0.04464804787337025, 0.05173974603763411, 0.058070999221806294, 0.0638932807154399, 0.06926128634683856, 0.07363972388953001, 0.07667972230998032, 0.07832563874211719, 0.0790178048687266, 0.07911461213503618, 0.07935535151383821, 0.08087832878666411, 0.08338945228302475, 0.08593091205447037, 0.08832474802287718, 0.09049631213059649, 0.09243028940061454, 0.09404732002538072, 0.09527613236332709, 0.09605086584374897, 0.09632474351050539, 0.09608988349251829, 0.0955111086913951], "surface_decohesion_unrelaxed_stress": [-0.0009985103445147119, 0.022394207083671368, 0.03853816777592621, 0.04951940181478817, 0.06067208762504861, 0.07326613969117315, 0.0809106129095867, 0.08106108583357854, 0.07523487223165407, 0.06677622290469248, 0.06034877660265752, 0.056434711018851266, 0.049620993072904664, 0.03747461191223261, 0.02303363817241862, 0.010968280975708412, 0.003235714687136525, -0.00024193793668435284, 0.00785843641294948, 0.021719691833724318, 0.026285819327747734, 0.024714528889472204, 0.02291493730993705, 0.020587724154562496, 0.017900407403932665, 0.014340883073234736, 0.010111349184506463, 0.00532009473978613, 6.660627169734483e-05, -0.004415990363495172, -0.006811689391024924]}