{"surface_decohesion_unrelaxed_opening": [0.0, 0.09999999999999999, 0.19999999999999998, 0.3, 0.39999999999999997, 0.5, 0.6, 0.7000000000000001, 0.7999999999999999, 0.8999999999999999, 1.0, 1.1, 1.2, 1.3, 1.4000000000000001, 1.5, 1.5999999999999999, 1.7, 1.7999999999999998, 1.9, 2.0, 2.1, 2.2, 2.3, 2.4, 2.5, 2.6, 2.7, 2.8000000000000003, 2.9000000000000004, 3.0, 3.0999999999999996, 3.1999999999999997, 3.3, 3.4, 3.5], "surface_decohesion_unrelaxed_energy": [0.0, 0.002078464423654987, 0.009135636052554323, 0.02037023247357426, 0.03486191413106882, 0.05162709260018191, 0.06971820230618125, 0.08834908940940053, 0.10679105425620347, 0.1244228290106748, 0.1407402662427297, 0.15538390988585665, 0.16845244864469194, 0.18009343382398935, 0.19045249432931555, 0.19972328245385668, 0.20808204297248084, 0.2157523603775617, 0.22285226829515578, 0.22931547112901468, 0.2348387560908354, 0.2389292401183031, 0.242215051738633, 0.24513664284534467, 0.2478497721262926, 0.250419533059766, 0.2528166238680902, 0.2550169478208409, 0.2570410562020606, 0.2588637730102736, 0.2604811255129639, 0.26188174265037456, 0.26307417706247055, 0.2640837903869937, 0.2649462075882067, 0.2656926311546379], "surface_decohesion_unrelaxed_stress": [-0.006688337459263367, 0.04696790309756736, 0.09288580664562358, 0.13024191181751665, 0.15793488843974463, 0.1757243382217339, 0.18485640392669295, 0.1865099503480522, 0.1812893531817663, 0.17054482496311152, 0.15500770656157273, 0.13825677504605322, 0.12333066531308333, 0.10970628184559196, 0.09784557784325675, 0.08780686567740398, 0.07981341874208686, 0.07381179706540052, 0.068046152676558, 0.06089691477195622, 0.0479608221060054, 0.035672866482673586, 0.03063658139722635, 0.02800288973966824, 0.026393471273891408, 0.02490993159740674, 0.02297235459040784, 0.02112309287320755, 0.019268243935874892, 0.01720868706627412, 0.015099087126128095, 0.012934053632243113, 0.0109562448301017, 0.00930239914592576, 0.007995074358277137, 0.006982526450290399]}