{"surface_decohesion_unrelaxed_opening": [0.0, 0.09999999999999999, 0.19999999999999998, 0.3, 0.39999999999999997, 0.5, 0.6, 0.7000000000000001, 0.7999999999999999, 0.8999999999999999, 1.0, 1.1, 1.2, 1.3, 1.4000000000000001, 1.5, 1.5999999999999999, 1.7, 1.7999999999999998, 1.9, 2.0, 2.1, 2.2, 2.3, 2.4, 2.5, 2.6, 2.7, 2.8000000000000003, 2.9000000000000004, 3.0, 3.0999999999999996, 3.1999999999999997, 3.3, 3.4, 3.5], "surface_decohesion_unrelaxed_energy": [0.0, 0.001010931107327225, 0.004216012143287646, 0.009056169552161623, 0.015117880744352202, 0.022071457464709895, 0.029609402928321277, 0.03742593074406404, 0.045237687623315724, 0.052812735146895114, 0.05999847938536138, 0.06670401819877217, 0.07287603041366904, 0.07847448977203998, 0.08347444426150309, 0.08786921325705013, 0.09167730818590791, 0.09494192759148636, 0.09775576017933219, 0.1001464479887086, 0.10216010005648764, 0.10385327459174748, 0.10528065959434492, 0.10649669389319087, 0.10756374912138594, 0.10852552070082963, 0.10932459692511623, 0.10995845983768689, 0.11044633211239321, 0.11080845452030205, 0.11106786142347509, 0.11125152363612062, 0.1113884806632929, 0.11151239350162748, 0.11165333726784588, 0.11179617756262061], "surface_decohesion_unrelaxed_stress": [-0.0028364096344210003, 0.022067546248701872, 0.041046588938242944, 0.05510325134335835, 0.06559646372026029, 0.0729695311520485, 0.07727107719061793, 0.0785803584661038, 0.07725602979480117, 0.07399965443962432, 0.06956910530807052, 0.06446241588440495, 0.058907762003540184, 0.05302068329946833, 0.04696192023360698, 0.04097334031640937, 0.03523063623290096, 0.03028554478507279, 0.025980744429535893, 0.02192708941345176, 0.018441094231320454, 0.01551333175243252, 0.013122364894666776, 0.011299787712201617, 0.01017117006775925, 0.008880336245924082, 0.007132919060452916, 0.0055761616179829335, 0.00421449008592492, 0.003065718516770749, 0.0021685151794475404, 0.0015522942399970347, 0.0012408850551008307, 0.0013102615048057862, 0.001463767062264003, 0.0013481920759317299]}