{"energies": [-164.57836575834946, -162.62505391185883, -165.33856207374916, -163.53588728113655, -166.11583260141117, -162.7583894139816, -162.62607938408314, -163.10201277830802, -164.67513872800896, -170.58858145122693], "volumes": [36.1518568714227, 20.50353895159373, 29.383807689540667, 29.180511075364905, 39.098164144700014, 26.092417340800285, 33.02088175601591, 30.45593937289878, 22.320894418374532, 45.17190523533213]}