{"surface_decohesion_unrelaxed_opening": [0.0, 0.09999999999999999, 0.19999999999999998, 0.3, 0.39999999999999997, 0.5, 0.6, 0.7000000000000001, 0.7999999999999999, 0.8999999999999999, 1.0, 1.1, 1.2, 1.3, 1.4000000000000001, 1.5, 1.5999999999999999, 1.7, 1.7999999999999998, 1.9, 2.0, 2.1, 2.2, 2.3, 2.4, 2.5, 2.6, 2.7, 2.8000000000000003, 2.9000000000000004, 3.0, 3.0999999999999996, 3.1999999999999997, 3.3, 3.4, 3.5], "surface_decohesion_unrelaxed_energy": [0.0, 0.0020747091891617653, 0.008986637802691613, 0.019858178792702717, 0.0337980663922774, 0.04996776625293004, 0.06761683433185164, 0.08606271616669568, 0.10464934545718313, 0.12267967130846248, 0.1395614484586434, 0.1548676011568143, 0.16845928197142992, 0.1803577845673915, 0.19072333225100166, 0.19982954587895166, 0.2079765056364709, 0.21541296932426132, 0.22228485590139174, 0.22860464558695023, 0.23421809794647153, 0.2388212281849726, 0.24259257547372068, 0.24572723428536508, 0.248366364419111, 0.25062760620384006, 0.2526038932769622, 0.2543657551006096, 0.2559662185902053, 0.257446595942842, 0.2588416142531683, 0.2601827426846684, 0.26149558284156227, 0.26274122482447965, 0.2639087772439156, 0.26498810631494013], "surface_decohesion_unrelaxed_stress": [-0.006344223688083598, 0.04638579824238849, 0.0904001647992781, 0.12551763066672778, 0.151872170221384, 0.17028131225455562, 0.18156561894762147, 0.18630470936792676, 0.18419087734061756, 0.17544043552260868, 0.1614104706127542, 0.144555577476929, 0.1273022248631271, 0.11094102538787536, 0.09685518197252067, 0.08579108606884953, 0.07757567531615943, 0.07140891602580288, 0.06603916852825657, 0.06018469774183782, 0.05121930185678354, 0.041435572771699306, 0.034272732873893444, 0.028653678744501608, 0.02432622050981117, 0.021052596770502453, 0.01858925814371358, 0.01673483755773085, 0.015341151022656149, 0.014325783618615326, 0.013617584391772714, 0.01328828106908377, 0.012848348983716257, 0.012072787190390833, 0.011256334325315035, 0.010308320222162928]}