{"surface_decohesion_unrelaxed_opening": [0.0, 0.09999999999999999, 0.19999999999999998, 0.3, 0.39999999999999997, 0.5, 0.6, 0.7000000000000001, 0.7999999999999999, 0.8999999999999999, 1.0, 1.1, 1.2, 1.3, 1.4000000000000001, 1.5, 1.5999999999999999, 1.7, 1.7999999999999998, 1.9, 2.0, 2.1, 2.2, 2.3, 2.4, 2.5, 2.6, 2.7, 2.8000000000000003, 2.9000000000000004, 3.0, 3.0999999999999996, 3.1999999999999997, 3.3, 3.4, 3.5], "surface_decohesion_unrelaxed_energy": [0.0, 0.0022375667321609047, 0.009334204408775776, 0.021377347094907646, 0.037381190732748426, 0.055206804891754994, 0.07218055741362997, 0.08782598633128408, 0.10310459367506848, 0.1182166831342507, 0.13258164633133765, 0.14633214567973302, 0.15905123196973023, 0.17083457497119783, 0.1811324936921089, 0.18754708199045642, 0.18678630455104075, 0.17649188219076242, 0.15694915410911783, 0.13228670148290836, 0.11093114827295963, 0.10288413932892547, 0.10106431268445328, 0.10369596097680134, 0.1116686192713076, 0.12485241018478326, 0.14216001915069407, 0.1618460893645971, 0.18188841004876183, 0.20031326992250206, 0.21540791329048437, 0.22584362113523557, 0.23077214744672972, 0.22994860706435896, 0.22389206803891784, 0.21404465787782959], "surface_decohesion_unrelaxed_stress": [-0.0008808120792671427, 0.046151584383182065, 0.0963006068098122, 0.1428393992599715, 0.17375138586948097, 0.1770387911675246, 0.1620744498868675, 0.1532388524708777, 0.15269122807277857, 0.14771713932700725, 0.14075179430726475, 0.13273955980840313, 0.12237753561090219, 0.11282317649193115, 0.08876761009273218, 0.03348159371489886, -0.05307965918437196, -0.15281895096822878, -0.23075905020040166, -0.25030026946578854, -0.148580047021189, -0.03745640706894084, 0.0024006076417609577, 0.05220862593817263, 0.10689408621117935, 0.15490850545656765, 0.1882138883441439, 0.20204631656127137, 0.19545257235280217, 0.17015881076466777, 0.1294972818402032, 0.07776259825652615, 0.020379349821056814, -0.036130419667051494, -0.08226005338720818, -0.11194784237999623]}