{"energies": [-178.0118669762428, -162.5432712111569, -158.5450102058799, -162.68624440686165, -162.91664940353974, -162.71590362734236, -162.24099017848332, -163.10057957076816, -163.17924062263407, -163.20828861028022], "volumes": [22.86608498294629, 22.357765142075955, 575.6745027915833, 34.30146393987778, 23.759031063140206, 18.79873396099192, 18.60581276933249, 22.937657623210523, 62.59627825142718, 28.529086842136643]}