{"energies": [-159.8238460833893, -162.54020210141707, -158.54496821000004], "volumes": [302.2473772913821, 21.35468175912065, 1612.1725518817561]}