{"surface_decohesion_unrelaxed_opening": [0.0, 0.09999999999999999, 0.19999999999999998, 0.3, 0.39999999999999997, 0.5, 0.6, 0.7000000000000001, 0.7999999999999999, 0.8999999999999999, 1.0, 1.1, 1.2, 1.3, 1.4000000000000001, 1.5, 1.5999999999999999, 1.7, 1.7999999999999998, 1.9, 2.0, 2.1, 2.2, 2.3, 2.4, 2.5, 2.6, 2.7, 2.8000000000000003, 2.9000000000000004, 3.0, 3.0999999999999996, 3.1999999999999997, 3.3, 3.4, 3.5], "surface_decohesion_unrelaxed_energy": [0.0, 0.0010055522935355963, 0.004187680710044276, 0.008988078276921921, 0.015008157236987448, 0.02194471114731741, 0.029515880400487533, 0.037405032290527544, 0.04530846350260903, 0.052969897583392385, 0.060202275166811564, 0.06689402966651105, 0.07301380104354287, 0.07863369997483169, 0.08373355765280888, 0.08825971774011662, 0.09216756701101748, 0.09544624516417118, 0.09825782310882988, 0.10070660195824375, 0.102851581843981, 0.10472862825121107, 0.10635838125437234, 0.10773133031910437, 0.10882603669346834, 0.10964085273847587, 0.11028995624034493, 0.11081725428384635, 0.1112343838811299, 0.11156306563821182, 0.11182465692129374, 0.11203744557317669, 0.1122091527116874, 0.1123334018224718, 0.11240429610907636, 0.11243231328494575], "surface_decohesion_unrelaxed_stress": [-0.0028101941732497564, 0.021929821797091534, 0.04072132828621192, 0.05466064455965053, 0.06525038928348106, 0.07303678441828974, 0.07783416794836266, 0.07943617808456338, 0.07819861277702932, 0.07471532959326511, 0.06975441877598566, 0.0639909577963523, 0.05862752634054447, 0.053689046091087704, 0.04820898757308505, 0.042255536575121516, 0.035789146872687264, 0.030183698655765832, 0.026183741438621094, 0.02289203941192675, 0.02006086296820515, 0.017525297504272713, 0.015041929326443389, 0.01238804722675292, 0.009435544939426707, 0.0071554455966851074, 0.005860259080129599, 0.004695564443911237, 0.0036903123677748525, 0.002917526715951679, 0.0023477719733329453, 0.0019227834396633896, 0.0014959679798252912, 0.0009720321198890723, 0.00047020546228606903, 0.0001144899051851166]}