{"surface_decohesion_unrelaxed_opening": [0.0, 0.1, 0.2, 0.30000000000000004, 0.4, 0.5, 0.6000000000000001, 0.7, 0.8, 0.8999999999999999, 1.0, 1.0999999999999999, 1.2000000000000002, 1.3, 1.4, 1.5, 1.6, 1.7, 1.7999999999999998, 1.9, 2.0, 2.0999999999999996, 2.1999999999999997, 2.3000000000000003, 2.4000000000000004, 2.5, 2.6, 2.7, 2.8, 2.9, 3.0], "surface_decohesion_unrelaxed_energy": [0.0, 0.001996767120645169, 0.007127896205798218, 0.014687693578448716, 0.024060491660330082, 0.03465546559447704, 0.04584846895747253, 0.05693179180333593, 0.06708521601054318, 0.07540803792932609, 0.0810976069117666, 0.08388386263047076, 0.08456763350410798, 0.08460092042595166, 0.08460092792027178, 0.08460092792027178, 0.08460092792027178, 0.08460092792027178, 0.08460092792027178, 0.08460092792027178, 0.08460092792027178, 0.08460092792027178, 0.08460092792027178, 0.08460092792027178, 0.08460092792027178, 0.08460092792027178, 0.08460092792027178, 0.08460092792027178, 0.08460092792027178, 0.08460092792027178, 0.08460092792027178], "surface_decohesion_unrelaxed_stress": [0.0018702007830899473, 0.036852311329402254, 0.06455744007324755, 0.08564572211171378, 0.10083753511585328, 0.11003729790572288, 0.1126525921755282, 0.10764211965793113, 0.09388134078486693, 0.07111990098230613, 0.04201078232261178, 0.01511171076158746, 0.0016431724012797668, -0.0001726665022806772, 4.632609275682944e-05, -1.2413039142677992e-05, 3.326063814021444e-06, -8.91216112922089e-07, 2.3880063773629236e-07, -6.398643816185598e-08, 1.714511428663185e-08, -4.594019539783134e-09, 1.230963941889489e-09, -3.2983595021906847e-10, 8.837937326422417e-11, -2.3681404059949888e-11, 6.347561365416258e-12, -1.7090842630018648e-12, 4.884518715423782e-13, -2.441218523626293e-13, 4.879430193227559e-13]}