{"energies": [-165.01217383765564, -158.54496821, -109.18250065782028], "volumes": [206.40213518653812, 900.6174526492147, 54077.340465239555]}