{"bulk_struct_test": "bulk_Si_diamond", "bulk_E_per_atom": -163.1759081653906, "defects": {"ind_0_Z_14": {"Ef0": 3.8467164550002053, "Ef": 3.7167208985811158, "unrelaxed_filename": "Si-model-ACE_N7_18_rrqr_E-13-test-point_defect_Si_diamond_vacancy-ind_0_Z_14-unrelaxed.xyz", "relaxed_filename": "Si-model-ACE_N7_18_rrqr_E-13-test-point_defect_Si_diamond_vacancy-ind_0_Z_14-relaxed.xyz", "atom_ind": 0, "Z": 14, "vac_pos": [2.7076037640481854, 2.7076377806236023, 0.009424313305143112]}}}