{"surface_decohesion_unrelaxed_opening": [0.0, 0.09999999999999999, 0.19999999999999998, 0.3, 0.39999999999999997, 0.5, 0.6, 0.7000000000000001, 0.7999999999999999, 0.8999999999999999, 1.0, 1.1, 1.2, 1.3, 1.4000000000000001, 1.5, 1.5999999999999999, 1.7, 1.7999999999999998, 1.9, 2.0, 2.1, 2.2, 2.3, 2.4, 2.5, 2.6, 2.7, 2.8000000000000003, 2.9000000000000004, 3.0, 3.0999999999999996, 3.1999999999999997, 3.3, 3.4, 3.5], "surface_decohesion_unrelaxed_energy": [0.0, 0.002092133556777576, 0.00915139456271431, 0.020335702107587488, 0.034761051995938916, 0.05157218928387107, 0.06992618818561917, 0.08894698994109963, 0.10775336011765092, 0.12557454291200895, 0.14190900207960505, 0.1566607356613618, 0.16978543141184138, 0.18127279181518577, 0.19127410047759855, 0.200002403323419, 0.20769063322732742, 0.21457646825322063, 0.22090910192028226, 0.22695480327807424, 0.23297751200655095, 0.2390324791750683, 0.2438638983223304, 0.24746094814763436, 0.2501542240138608, 0.2522295782411247, 0.2539361124845923, 0.255482825939515, 0.2570235065773775, 0.2586387409496217, 0.2603270646684517, 0.26201380461453777, 0.26357872849237246, 0.2648959521166347, 0.2658746726240261, 0.2664885702610956], "surface_decohesion_unrelaxed_stress": [-0.006678167477575155, 0.047138905713349104, 0.09266438150560802, 0.12951062478851622, 0.15758284233706493, 0.17725262115173146, 0.18836075874641747, 0.19054836357945482, 0.18426094489671754, 0.17123444596095616, 0.15547053011808012, 0.1394692160473079, 0.12294548565977849, 0.1071105259282956, 0.09327248259975358, 0.08168788891968903, 0.07247194421335873, 0.0656462821209257, 0.06149698809158054, 0.05971581625835884, 0.0616920494630461, 0.055846262799281024, 0.04151448881321117, 0.03094985112485546, 0.023395877433279866, 0.018525541946732824, 0.015958608901734103, 0.015237453398040376, 0.015713400289660007, 0.016586395746520956, 0.01704775945648055, 0.016474476375036875, 0.014604249761001331, 0.011572949643867854, 0.007982275613132483, 0.004276492237429982]}