{"surface_decohesion_unrelaxed_opening": [0.0, 0.09999999999999999, 0.19999999999999998, 0.3, 0.39999999999999997, 0.5, 0.6, 0.7000000000000001, 0.7999999999999999, 0.8999999999999999, 1.0, 1.1, 1.2, 1.3, 1.4000000000000001, 1.5, 1.5999999999999999, 1.7, 1.7999999999999998, 1.9, 2.0, 2.1, 2.2, 2.3, 2.4, 2.5, 2.6, 2.7, 2.8000000000000003, 2.9000000000000004, 3.0, 3.0999999999999996, 3.1999999999999997, 3.3, 3.4, 3.5], "surface_decohesion_unrelaxed_energy": [0.0, 0.0020867991882290026, 0.009132312957429604, 0.020326196674776, 0.034722256314469555, 0.051339462974321036, 0.06928249070435795, 0.08782116010445336, 0.106292899855275, 0.12410037460615146, 0.14070438697005877, 0.15563806950537398, 0.1689750146663038, 0.18081476135724125, 0.19123193952875647, 0.20040028939838703, 0.20854604847897815, 0.21594988779915517, 0.2228090625130127, 0.22911734249840401, 0.2345859916225022, 0.2386806184998777, 0.24196888601725428, 0.24487636522535738, 0.24755367832986006, 0.25007646481396667, 0.25244679918513263, 0.25465490575404964, 0.25671640941844853, 0.25861006131385433, 0.2603232765823285, 0.26183558301078835, 0.26313828691687385, 0.26423600209468384, 0.2651450997016891, 0.2658859629896389], "surface_decohesion_unrelaxed_stress": [-0.006516645136877845, 0.04695709684430296, 0.09265764648255426, 0.12959424182188997, 0.156663686941084, 0.17414899940012463, 0.18354734715506957, 0.18611252588356564, 0.18231482383818098, 0.17300461381465596, 0.1580113343467054, 0.14108089577519645, 0.1257839134398629, 0.11108420602136916, 0.09758700834823804, 0.08613360182005292, 0.07730185287820272, 0.07114693869018252, 0.0660008133821023, 0.05987344875887268, 0.04781326486709171, 0.03577177181697199, 0.03058647970758098, 0.027754711117094093, 0.0259384452022203, 0.024494495732301065, 0.02287719752675136, 0.021349942363184916, 0.01981134001998369, 0.018059364351018813, 0.01615721749234137, 0.014077416587635082, 0.011983426193485079, 0.010001451155293337, 0.008215152729792907, 0.0066367647741849495]}