{"energies": [-162.79513774340663, -162.74569599816397, -162.70418064991125, -162.9385965085246, -162.8401876446447, -162.83123769423983, -162.68354206320902, -162.6584679480421, -162.9131794059443, -162.85238530637506, -163.19954850920948, -162.50292738180875, -163.34314301939972, -162.8203428284059, -162.8367092639658, -162.73139780639679, -163.24548337254097, -162.72568851969706, -162.64964685084988, -162.92015930123816, -162.8480274862577, -162.43594811390358, -162.84136233858013, -162.4121522359814, -162.63893593748446, -162.99658037706928, -162.73110971775185, -158.54092356668184, -162.79885201483094, -164.12709648498114, -162.7457787975252, -163.09489752853665, -162.90358187104988, -162.8088281742257, -162.7307783957082, -162.82838552914407, -162.8047494530601, -162.97658749532292, -163.8043820568879, -162.941471922544, -162.56063337379175, -162.81177773483603, -162.79507235862332, -162.82059308449178, -162.5633711770793, -162.88278227316184, -163.59627526891845, -163.7547502151899, -162.6989879619153, -163.54851198799074], "volumes": [15.407046240357825, 15.493924292922527, 22.15957416953832, 30.977144183567532, 21.595033621045147, 17.714377425301596, 18.6170518503915, 19.76476384090406, 62.297901370812305, 21.506388600697424, 45.13154100185067, 28.946211480124703, 53.68442674162222, 20.04762833913811, 15.178674846063027, 30.493019801657685, 41.88575282278543, 31.509538819182865, 31.57468611020839, 27.683514521118557, 21.474414836266003, 19.580474176126042, 19.593518501187553, 30.033704708467685, 24.302591231024252, 19.831702705640694, 19.311791647672752, 908.4045901884399, 20.0586929227616, 34.3005038977388, 20.88136942736219, 87.463635997281, 22.257766252989576, 19.466526717732567, 21.289229414004314, 15.807043873084119, 15.478927086652615, 14.821237963682222, 38.80305201613153, 24.277381682569544, 38.96302651510753, 32.03947880831388, 21.595276869098182, 28.12657705885574, 37.81467037726524, 20.107909616098883, 38.826467059858494, 34.1616115225241, 17.245371441780083, 98.86641885055515]}