{"energies": [-4.023082703646124, -3.2614936578483786, -4.038155722567344], "volumes": [18.14975823995219, 28.39791950229914, 18.47282197438022]}