{"energies": [-162.78902015221692, -162.73478553686647, -162.37483800497], "volumes": [15.341175082324469, 15.560602678578674, 35.07735409576973]}