{"surface_decohesion_unrelaxed_opening": [0.0, 0.09999999999999999, 0.19999999999999998, 0.3, 0.39999999999999997, 0.5, 0.6, 0.7000000000000001, 0.7999999999999999, 0.8999999999999999, 1.0, 1.1, 1.2, 1.3, 1.4000000000000001, 1.5, 1.5999999999999999, 1.7, 1.7999999999999998, 1.9, 2.0, 2.1, 2.2, 2.3, 2.4, 2.5, 2.6, 2.7, 2.8000000000000003, 2.9000000000000004, 3.0, 3.0999999999999996, 3.1999999999999997, 3.3, 3.4, 3.5], "surface_decohesion_unrelaxed_energy": [0.0, 0.0009827548483317, 0.00414698488545132, 0.008991531710909662, 0.015059578688875648, 0.021910842231171738, 0.029042362134165483, 0.03617757392871638, 0.043374485456890335, 0.050695454103628086, 0.05788115816042941, 0.06443710843912834, 0.0699102526979853, 0.07520134907325528, 0.08047294663283161, 0.08565382694656438, 0.09061787658714064, 0.09508273775734223, 0.09848718250843769, 0.10089544057531517, 0.10317092775280982, 0.10518363910174584, 0.10687828366959079, 0.10829882259781246, 0.1095477779178562, 0.11073878298076238, 0.11195076065497542, 0.11316702225004355, 0.11419490837289235, 0.11459298309235526, 0.11459298309235526, 0.11459298321573519, 0.11459298321573519, 0.11459298321573519, 0.11459298321573519, 0.11459298321573519], "surface_decohesion_unrelaxed_stress": [-0.0027795346540594006, 0.021584778023975, 0.04084996912169901, 0.0552786513665679, 0.06541323951475919, 0.07064770618225755, 0.07147943911490563, 0.07143648828445887, 0.07273830742900528, 0.07314668724687197, 0.06987512468967766, 0.059602444059424275, 0.052587935199303174, 0.05297303416717045, 0.05240074617740399, 0.05099831732248812, 0.047953883161914554, 0.04005347435318947, 0.02791139706423952, 0.02268202192903973, 0.021872872550765164, 0.018472443660820233, 0.015458030309381192, 0.013150939983653739, 0.01202303720396841, 0.011955722688969512, 0.01224355415372919, 0.011917238774548842, 0.007411922285583124, 0.0012138973524698045, -0.00032527011157558526, 8.718679523039898e-05, -2.3473367946665768e-05, 6.706676555940736e-06, -3.353338277658117e-06, 6.706676555154328e-06]}