{"diamond_bulk_modulus": 88.596696666666602, "diamond_c12": 56.25008999999995, "diamond_c11": 153.28990999999988, "diamond_E_vs_V": [[17.813109023568057, -163.06663280425], [18.322054995670012, -163.110046112], [18.831000967771949, -163.1415028745], [19.339946939873919, -163.162464704125], [19.848892911975845, -163.174242557], [20.3578388840778, -163.177966801875], [20.866784856179741, -163.17463056225], [21.375730828281693, -163.165132595375], [21.884676800383637, -163.150242437875], [22.393622772485578, -163.130671150875], [22.902568744587512, -163.107009425875], [23.411514716689464, -163.079814823625]], "diamond_c44": 72.176929999999999, "diamond_a0": 5.4610215037046075}