{"surface_decohesion_unrelaxed_opening": [0.0, 0.1, 0.2, 0.30000000000000004, 0.4, 0.5, 0.6000000000000001, 0.7, 0.8, 0.8999999999999999, 1.0, 1.0999999999999999, 1.2000000000000002, 1.3, 1.4, 1.5, 1.6, 1.7, 1.7999999999999998, 1.9, 2.0, 2.0999999999999996, 2.1999999999999997, 2.3000000000000003, 2.4000000000000004, 2.5, 2.6, 2.7, 2.8, 2.9, 3.0], "surface_decohesion_unrelaxed_energy": [0.0, 0.0011127950353046698, 0.0044331172655194435, 0.009257355620943108, 0.015141544812486864, 0.021748593984056614, 0.028762882854867132, 0.035909804016791606, 0.04297975678079896, 0.049804928854740714, 0.05623236149388052, 0.06211003494566349, 0.06740409501811159, 0.07215946630167436, 0.07633714011118804, 0.07996603303384683, 0.0831153674412101, 0.08580714578436266, 0.08803957409616674, 0.0897695372328275, 0.09113407097990874, 0.09227929866445567, 0.0932199424005031, 0.09397362795100771, 0.09457941375333688, 0.0950562998394055, 0.09544175003404506, 0.09575380563063302, 0.09600449382119579, 0.09620119163915952, 0.09634463197258016], "surface_decohesion_unrelaxed_stress": [-0.002462311473888198, 0.02344189925378941, 0.041688232424313874, 0.05414198861810811, 0.06299663951227641, 0.06860860422619139, 0.07120908485436586, 0.07139135733839505, 0.06973170357000857, 0.06653557352004404, 0.06170414374226266, 0.05580103423858904, 0.05024372503031236, 0.04470700632048687, 0.038919602480034524, 0.03381158572454946, 0.029180874522430487, 0.02469829870120352, 0.01975213032145485, 0.015164923466922598, 0.012423082323112587, 0.010435590189471353, 0.008410699536833047, 0.006751490259758313, 0.0053674800091471605, 0.00425874635558696, 0.003467622989751994, 0.0027959354222302857, 0.0022309489358476424, 0.0017018490901745946, 0.0011657992449850402]}