{"surface_decohesion_unrelaxed_opening": [0.0, 0.09999999999999999, 0.19999999999999998, 0.3, 0.39999999999999997, 0.5, 0.6, 0.7000000000000001, 0.7999999999999999, 0.8999999999999999, 1.0, 1.1, 1.2, 1.3, 1.4000000000000001, 1.5, 1.5999999999999999, 1.7, 1.7999999999999998, 1.9, 2.0, 2.1, 2.2, 2.3, 2.4, 2.5, 2.6, 2.7, 2.8000000000000003, 2.9000000000000004, 3.0, 3.0999999999999996, 3.1999999999999997, 3.3, 3.4, 3.5], "surface_decohesion_unrelaxed_energy": [0.0, 0.0010017687061884013, 0.004187498871247609, 0.008979275383319519, 0.014948006947781632, 0.021769591685413626, 0.02915645836227295, 0.036814575933691696, 0.044463270416565955, 0.051888394489467485, 0.058918194549732, 0.0654125252527762, 0.07132459129096062, 0.07679974763968885, 0.08181392914090652, 0.08631027056592913, 0.09021150527147893, 0.09345757573287873, 0.09624686107160477, 0.09873556657458168, 0.10099905080896263, 0.10306839472103593, 0.10494910715621707, 0.10663539112925388, 0.10807758097152077, 0.10921202681640407, 0.11017440429701582, 0.111011007142464, 0.11173214451734373, 0.11234280341616802, 0.11284242410933108, 0.11322795908093473, 0.11351829319446158, 0.11371094910002927, 0.11378703503791791, 0.11378107190540572], "surface_decohesion_unrelaxed_stress": [-0.0029387466043105984, 0.021955807542158333, 0.040740482573105544, 0.05440746247935303, 0.06444490980550287, 0.07152238736145852, 0.07571908318340276, 0.07695080735327224, 0.07568204903229923, 0.07253555319080501, 0.06782346219946106, 0.06189452091061242, 0.05679035639494879, 0.052560725116970526, 0.04764687863554468, 0.04216744812806056, 0.035610612769386735, 0.029809255802880984, 0.02621303802286458, 0.023678317356749162, 0.02163938467087343, 0.01974898835338391, 0.017866352333223364, 0.015795494560262108, 0.012805883884840288, 0.010280040514881936, 0.008978653820483067, 0.007774753984983236, 0.006654536849421756, 0.005560986828449597, 0.004409903596400153, 0.0033540687289514903, 0.0024498940417105874, 0.0013360556770429508, 0.0002681385538058978, -0.0003049257309734041]}