{"energies": [-161.85044737934504, -158.54496821, -180.74866825584348], "volumes": [266.57814113294677, 12377.773454073, 43.92353036770772]}