{"surface_decohesion_unrelaxed_opening": [0.0, 0.1, 0.2, 0.30000000000000004, 0.4, 0.5, 0.6000000000000001, 0.7, 0.8, 0.8999999999999999, 1.0, 1.0999999999999999, 1.2000000000000002, 1.3, 1.4, 1.5, 1.6, 1.7, 1.7999999999999998, 1.9, 2.0, 2.0999999999999996, 2.1999999999999997, 2.3000000000000003, 2.4000000000000004, 2.5, 2.6, 2.7, 2.8, 2.9, 3.0], "surface_decohesion_unrelaxed_energy": [0.0, 0.0011170572349099338, 0.004446958452382213, 0.009256836162990348, 0.015107246573957593, 0.02167804743141612, 0.028669830732489878, 0.0358139388451675, 0.04290573844895571, 0.04978539185165565, 0.05630995306719817, 0.06228894183220212, 0.06765040329884069, 0.07245771394427578, 0.0766814542680612, 0.08034471062214685, 0.08348746377697011, 0.08610586360387676, 0.08820278242436214, 0.08971831481908327, 0.09085118285576159, 0.09183850051277916, 0.09271083447115888, 0.09347236343352329, 0.09413136524980444, 0.09467974165475262, 0.09514598898438546, 0.09553552306279277, 0.0958534919969901, 0.09610322782737842, 0.09628368331978138], "surface_decohesion_unrelaxed_stress": [-0.0025711154370489714, 0.023573526198579352, 0.04168576421419795, 0.05387678478704121, 0.06261574028489865, 0.06829659212613717, 0.0710754159665212, 0.07147848642031988, 0.07008786984617416, 0.06731362438962768, 0.06278407114258952, 0.05665659045640947, 0.05080307398104658, 0.04519427698161217, 0.03935134716912163, 0.03401023467803451, 0.028787999386007332, 0.023672357229833782, 0.017982131116418356, 0.012772654760687886, 0.010379262782812822, 0.009315864918937392, 0.00814682600335687, 0.007112718689958388, 0.0060182225961753055, 0.00503573756222155, 0.004277539192370924, 0.003527547909498303, 0.0028373595477742186, 0.0021541568369743847, 0.0014517527880669027]}