{"surface_decohesion_unrelaxed_opening": [0.0, 0.09999999999999999, 0.19999999999999998, 0.3, 0.39999999999999997, 0.5, 0.6, 0.7000000000000001, 0.7999999999999999, 0.8999999999999999, 1.0, 1.1, 1.2, 1.3, 1.4000000000000001, 1.5, 1.5999999999999999, 1.7, 1.7999999999999998, 1.9, 2.0, 2.1, 2.2, 2.3, 2.4, 2.5, 2.6, 2.7, 2.8000000000000003, 2.9000000000000004, 3.0, 3.0999999999999996, 3.1999999999999997, 3.3, 3.4, 3.5], "surface_decohesion_unrelaxed_energy": [0.0, 0.0034121065892159454, 0.012409168210204932, 0.026106037897265656, 0.043701479096220575, 0.06450282541977723, 0.0879187273171438, 0.11342075597666071, 0.1404753614793508, 0.16845009000274044, 0.1965044529419266, 0.22349005816011966, 0.24791117456207842, 0.26803817523598683, 0.2823088703599262, 0.2901203913449766, 0.29274620147968855, 0.2930631565973286, 0.2930662110503523, 0.29306621105077874, 0.29306621105077874, 0.29306621105077874, 0.29306621105077874, 0.29306621105077874, 0.29306621105077874, 0.29306621105077874, 0.29306621105077874, 0.29306621105077874, 0.29306621105077874, 0.29306621105077874, 0.29306621105077874, 0.29306621105077874, 0.29306621105077874, 0.29306621105077874, 0.29306621105077874, 0.29306621105077874], "surface_decohesion_unrelaxed_stress": [0.003191372246117808, 0.06354830029461289, 0.11489047288157872, 0.15770774742056376, 0.19304786401663498, 0.22200442218824296, 0.24545189385809035, 0.2637259190858988, 0.2763434546645268, 0.2817802830383884, 0.27740815705918925, 0.2597861334462295, 0.22564895776045105, 0.17406154778797975, 0.11003572502306155, 0.04826203538946974, 0.010036067011929845, -0.00012334586662693365, 5.7603574491194115e-05, -1.543482783861183e-05, 4.135749655520545e-06, -1.1081707809723603e-06, 2.9693346587089574e-07, -7.956308167855787e-08, 2.131886361889104e-08, -5.71237224189502e-09, 1.5306250711333279e-09, -4.1012998552858407e-10, 1.0989403831374018e-10, -2.944589017062061e-11, 7.889522368742535e-12, -2.1133095273739992e-12, 5.694750226936669e-13, -1.6440552622990846e-13, 8.220276311495422e-14, -1.6403545188836673e-13]}