{"surface_decohesion_unrelaxed_opening": [0.0, 0.09999999999999999, 0.19999999999999998, 0.3, 0.39999999999999997, 0.5, 0.6, 0.7000000000000001, 0.7999999999999999, 0.8999999999999999, 1.0, 1.1, 1.2, 1.3, 1.4000000000000001, 1.5, 1.5999999999999999, 1.7, 1.7999999999999998, 1.9, 2.0, 2.1, 2.2, 2.3, 2.4, 2.5, 2.6, 2.7, 2.8000000000000003, 2.9000000000000004, 3.0, 3.0999999999999996, 3.1999999999999997, 3.3, 3.4, 3.5], "surface_decohesion_unrelaxed_energy": [0.0, 0.0010918719504363677, 0.004278091804037396, 0.009253861822240455, 0.015097733683063944, 0.020773471623913003, 0.02706094211342183, 0.03473507880783125, 0.042886120125212555, 0.05012639010664959, 0.056154389757951194, 0.061952999838367995, 0.0683960257258796, 0.07439750766575272, 0.07918504433513672, 0.08242708786965373, 0.08486271652880048, 0.08817118071700089, 0.09209670128715464, 0.09604010834996748, 0.0996435244690532, 0.10268796814477635, 0.10523789074863442, 0.1079579185948712, 0.11223052794524785, 0.11919732149072701, 0.12504346295291613, 0.1285262227198206, 0.1294354215697138, 0.12781922631044573, 0.12401393868091334, 0.11869278438861647, 0.11290903969220983, 0.10808978965091202, 0.10592414226679525, 0.10591650948482585], "surface_decohesion_unrelaxed_stress": [-0.0001553469816089183, 0.021691622505261625, 0.0417316110816843, 0.05624162932212377, 0.05789112800061694, 0.05778215272558468, 0.06987651400778105, 0.08156000676083808, 0.07863879930258899, 0.06562413499335704, 0.056912749706141186, 0.06152315813363007, 0.06424369679719195, 0.05483728949914327, 0.040077703483947305, 0.025739302682098328, 0.02729525159757274, 0.03740247634802651, 0.04011438576094615, 0.03820780959718576, 0.03345907130726741, 0.027391699018011258, 0.024805121008122738, 0.03148633045234301, 0.05902867308091042, 0.06958106409968953, 0.047035120750378884, 0.022145489771601946, -0.003858321332856916, -0.02792209672142041, -0.04709777844547683, -0.057480047151551236, -0.05612900260942146, -0.0360937845418954, -0.009042781985435537, 0.007066507501051888]}