{"surface_decohesion_unrelaxed_opening": [0.0, 0.1, 0.2, 0.30000000000000004, 0.4, 0.5, 0.6000000000000001, 0.7, 0.8, 0.8999999999999999, 1.0, 1.0999999999999999, 1.2000000000000002, 1.3, 1.4, 1.5, 1.6, 1.7, 1.7999999999999998, 1.9, 2.0, 2.0999999999999996, 2.1999999999999997, 2.3000000000000003, 2.4000000000000004, 2.5, 2.6, 2.7, 2.8, 2.9, 3.0], "surface_decohesion_unrelaxed_energy": [0.0, 0.001121260810937228, 0.004489200151623219, 0.009319013889965904, 0.015148908636973607, 0.021607800728303542, 0.02833139063510522, 0.034999311058553285, 0.041383189539325634, 0.0473687349698465, 0.05298041855305884, 0.058414024273253914, 0.06385241931641979, 0.06925461372721285, 0.07458665101172077, 0.07968644780911158, 0.08429496735832905, 0.08802956357631604, 0.0907631707659046, 0.09262042741176985, 0.09376326140982447, 0.09433833432755462, 0.09454258628399419, 0.09453603497012457, 0.09443896366651502, 0.09433333981879609, 0.09426744420561631, 0.09426191283793361, 0.09431552955770571, 0.09440989160851067, 0.09451311836190142], "surface_decohesion_unrelaxed_stress": [-0.002903585849657845, 0.02388740141325925, 0.04202998474531738, 0.05392525197633141, 0.062060261909868644, 0.06649730553432306, 0.06742497589678728, 0.06554810078602055, 0.0619365880857429, 0.057788264209804055, 0.05482722548703761, 0.05426151294426856, 0.05428674563671534, 0.053809188127637936, 0.05250345271176343, 0.049132023482269936, 0.04221794375740516, 0.03228967450424345, 0.022669460452888215, 0.014758398747818232, 0.00829966387343388, 0.0035801532319883252, 0.0007594694237048772, -0.0006870116497084688, -0.001120101349246297, -0.0009134374931611688, -0.0003717325050697775, 0.00025755808756604, 0.0007840607174877895, 0.0010455621597949224, 0.000961354769203406]}