{"surface_decohesion_unrelaxed_opening": [0.0, 0.09999999999999999, 0.19999999999999998, 0.3, 0.39999999999999997, 0.5, 0.6, 0.7000000000000001, 0.7999999999999999, 0.8999999999999999, 1.0, 1.1, 1.2, 1.3, 1.4000000000000001, 1.5, 1.5999999999999999, 1.7, 1.7999999999999998, 1.9, 2.0, 2.1, 2.2, 2.3, 2.4, 2.5, 2.6, 2.7, 2.8000000000000003, 2.9000000000000004, 3.0, 3.0999999999999996, 3.1999999999999997, 3.3, 3.4, 3.5], "surface_decohesion_unrelaxed_energy": [0.0, 0.0020808579295790107, 0.00914237530303456, 0.020361262830091865, 0.034815749871664026, 0.05161420251235357, 0.0698823173985699, 0.0887869088506017, 0.107515723690452, 0.12532003511680878, 0.14158973526356014, 0.15596227339288565, 0.168670497628651, 0.17991377122998317, 0.18993743131356353, 0.1990645680306571, 0.20753839259550777, 0.2154550277711672, 0.2228147138318412, 0.22950249204692108, 0.23534235490500402, 0.2400940315869631, 0.2438719945611501, 0.2469319506477122, 0.24949932578185358, 0.25177532055492535, 0.25389271544807046, 0.2558923915600874, 0.25780818254270416, 0.25959745407570195, 0.2612207906642066, 0.2626321769455023, 0.26380285199410614, 0.264728277001074, 0.2654277276289944, 0.26593753692660926], "surface_decohesion_unrelaxed_stress": [-0.006744304283829917, 0.047036669695291466, 0.09286888459370087, 0.1298999389452909, 0.15773259668401932, 0.17675786478648237, 0.18723296997722783, 0.18949144545204943, 0.18380343697103935, 0.17128859465000745, 0.15326253162217274, 0.13492842714360725, 0.11944663075612606, 0.1058299849448109, 0.09524144001200498, 0.08772815902739184, 0.08187476233675611, 0.07648658384088654, 0.0704685393897006, 0.06306318687292545, 0.053107945313480794, 0.04225121807441333, 0.03377637207324592, 0.027780865455075986, 0.023920102727557343, 0.021839820851088633, 0.02052230385459401, 0.019583093885397734, 0.01860933344282528, 0.01713144781173489, 0.015243118955309585, 0.012937762461038858, 0.010467671097521697, 0.008074554816023623, 0.005980378685031349, 0.00428172820991057]}