{"surface_decohesion_unrelaxed_opening": [0.0, 0.09999999999999999, 0.19999999999999998, 0.3, 0.39999999999999997, 0.5, 0.6, 0.7000000000000001, 0.7999999999999999, 0.8999999999999999, 1.0, 1.1, 1.2, 1.3, 1.4000000000000001, 1.5, 1.5999999999999999, 1.7, 1.7999999999999998, 1.9, 2.0, 2.1, 2.2, 2.3, 2.4, 2.5, 2.6, 2.7, 2.8000000000000003, 2.9000000000000004, 3.0, 3.0999999999999996, 3.1999999999999997, 3.3, 3.4, 3.5], "surface_decohesion_unrelaxed_energy": [0.0, 0.0010056668395494268, 0.004163517148178147, 0.008895581727515638, 0.01477450400830666, 0.02148960479562089, 0.028772926881388657, 0.0363535747272299, 0.04396860527162604, 0.05139128822300206, 0.05845659733378244, 0.06504292242294252, 0.07107752789272417, 0.07658601035553393, 0.08155402594618683, 0.08595785946448231, 0.08976647322171137, 0.0929578548043829, 0.09568121314645482, 0.09805263283380082, 0.10013372403733044, 0.10195969611102747, 0.10355260375717723, 0.10492013987079797, 0.10606205085737938, 0.10698261184850767, 0.10780537660366511, 0.10855620638424081, 0.10923358112444229, 0.1098340805480811, 0.11035468722230662, 0.11079451594255103, 0.11115291213293291, 0.11143030617350624, 0.11162255720850225, 0.11174719270629528], "surface_decohesion_unrelaxed_stress": [-0.0027402102429792915, 0.021835566387429284, 0.040303459138606584, 0.053648043697130735, 0.06343397187672584, 0.07043676083912337, 0.07477167095924078, 0.07639565327218362, 0.07551606765914692, 0.07267148096439421, 0.06843777034796697, 0.06312646364195164, 0.0576842918524792, 0.05242900692587308, 0.0468946220479076, 0.0411479781509488, 0.034886883614034414, 0.029304347589931078, 0.025337923768544296, 0.02218729821842894, 0.01948821008400851, 0.017071759762336543, 0.0147911424620479, 0.012576983182586998, 0.010184337813669564, 0.008559824894025785, 0.007876134998799002, 0.007143471182772039, 0.0063961158934280875, 0.005608290158724417, 0.004803906407605054, 0.003989146044953505, 0.0031862567313703863, 0.002339533958221801, 0.0015449597028217089, 0.000987223214162016]}