{"surface_decohesion_unrelaxed_opening": [0.0, 0.1, 0.2, 0.30000000000000004, 0.4, 0.5, 0.6000000000000001, 0.7, 0.8, 0.8999999999999999, 1.0, 1.0999999999999999, 1.2000000000000002, 1.3, 1.4, 1.5, 1.6, 1.7, 1.7999999999999998, 1.9, 2.0, 2.0999999999999996, 2.1999999999999997, 2.3000000000000003, 2.4000000000000004, 2.5, 2.6, 2.7, 2.8, 2.9, 3.0], "surface_decohesion_unrelaxed_energy": [0.0, 0.0011255704771220068, 0.0044610270752236236, 0.00924032107343661, 0.015000757996205738, 0.021458469892258022, 0.028401792561362764, 0.03561682846454211, 0.04290070121626912, 0.05004799537255554, 0.05680041645730536, 0.06286031783449891, 0.06813616771454466, 0.07277383079508236, 0.07681645341780509, 0.08035876777226017, 0.08348670858212115, 0.0861261200731907, 0.08818250728090249, 0.08953242779063238, 0.09051316193709485, 0.09145141606310021, 0.092352179252798, 0.0931963505611661, 0.0939775677318287, 0.09469652317944101, 0.09535530973320185, 0.09595516665647955, 0.09649348146218757, 0.09695952443661063, 0.09730285577148662], "surface_decohesion_unrelaxed_stress": [-0.0025800810320685463, 0.023698312975313402, 0.041617641387523635, 0.05327363936403007, 0.06147972878581964, 0.06735191005733364, 0.07114366793955641, 0.07282417535296357, 0.07252689029577973, 0.07000327070432055, 0.06445148411802572, 0.05656046668187799, 0.04937918687164046, 0.043328174649062696, 0.03771668562992277, 0.03335319214658113, 0.028978200713234148, 0.023754574028398645, 0.01687746413661249, 0.010924800948401427, 0.009342971755551759, 0.009272960203426037, 0.00873570690183885, 0.008132247131194592, 0.007496958944303021, 0.006885095639841346, 0.00629491853752669, 0.005694534521207864, 0.005072095247213353, 0.004147817893871501, 0.002617862456271989]}