{"surface_decohesion_unrelaxed_opening": [0.0, 0.1, 0.2, 0.30000000000000004, 0.4, 0.5, 0.6000000000000001, 0.7, 0.8, 0.8999999999999999, 1.0, 1.0999999999999999, 1.2000000000000002, 1.3, 1.4, 1.5, 1.6, 1.7, 1.7999999999999998, 1.9, 2.0, 2.0999999999999996, 2.1999999999999997, 2.3000000000000003, 2.4000000000000004, 2.5, 2.6, 2.7, 2.8, 2.9, 3.0], "surface_decohesion_unrelaxed_energy": [0.0, 0.0011088462011664708, 0.004439949266964199, 0.009239732343971319, 0.015091278631599809, 0.02171958895445433, 0.02886723460095919, 0.03623677207021905, 0.043478901006569044, 0.05024915297948659, 0.05631870525573339, 0.061662222018057315, 0.06646948553084746, 0.07097226426646161, 0.07532316932956602, 0.07958408326492045, 0.0837336831002299, 0.08726994016864013, 0.09002415244627875, 0.09213839799348852, 0.09368238689506111, 0.09471283598857963, 0.09536428626969048, 0.09573857986659642, 0.09591236577651027, 0.09594673247119814, 0.09589424389698771, 0.09580093575614029, 0.0957036589687215, 0.09562563036186872, 0.09557459239622125], "surface_decohesion_unrelaxed_stress": [-0.0028030682269876137, 0.02358986929256901, 0.041642069065637534, 0.05376843872902616, 0.06282405695732618, 0.06933103175615954, 0.07313049509881692, 0.07366248132151473, 0.07056957178341959, 0.06443065882283315, 0.05690192040017866, 0.050353730733574145, 0.046206564918946466, 0.04412127704276737, 0.042918840871541214, 0.042557929424834044, 0.0391648545490389, 0.03135835949060093, 0.024115787870023577, 0.018232223774756338, 0.01270235049442091, 0.008191514100293066, 0.0049885743432885555, 0.0026265048670571986, 0.0009477913930753374, -0.0001730923013062982, -0.0007990785735260274, -0.0010044948563262515, -0.0009004898491548485, -0.0006527075752010664, -0.000360677025048883]}