{"energies": [-163.07868308805132, -164.83227945142343, -162.73415720053728, -162.5140485601206, -162.49041006091684, -165.38624982023399, -162.8125400669652, -164.64512274551677, -163.38103807150694, -162.52715555134125, -162.87125633845707, -163.7152466688968, -162.9820889446217], "volumes": [23.51355638662024, 20.992600099422113, 22.066364127148233, 19.100520278954452, 20.004003462541633, 17.94401343376774, 27.51954419591121, 19.25760301993408, 26.28028509489857, 26.74892694901979, 19.24543849166545, 27.40314996169946, 23.974485318761257]}