{"energies": [-162.78175781347684, -162.57214613320537, -162.8364621804514, -162.7287520338771, -162.88377393297202, -162.76943734966673, -162.43105468186408, -162.7675071200659, -162.7220919102604, -162.91021763266738, -162.58081835107052, -162.68626917844048, -162.69413842779497, -162.77459198065796, -162.70480278117984, -162.7880023737534, -162.82249565636232, -162.83646266739103, -162.50360164181248, -162.73226875497704, -162.81932112499484, -162.7700190845003, -162.81490187305732, -162.3344278721647, -162.72070352812196, -162.98654865402702, -162.71296465640958, -162.28058597378663, -162.93202883681172, -162.90895139265922, -162.73283221199236, -162.4294593728428, -162.8854707489471, -162.69293545169256, -162.89473103492793, -162.9856978685646, -162.93688583808563, -162.8969836658254, -162.95495629359345, -162.81744765546028, -162.52726068251786, -162.78657251862717, -162.95070514452027, -162.9374351295293, -162.6815054724694, -162.87038192340964, -162.82969420736524, -162.84922850412156, -162.68817771454468, -158.5533003707437, -162.81024437175287, -162.76770425570695, -162.6958551418218, -162.81421584377614, -162.89634457277498, -158.54496821000006, -162.77645386052671, -162.39332358552434, -162.6724681881304, -162.85673200720126, -162.61061721188207, -155.20370906043473, -162.6890982142181, -162.82348465719423, -162.86272615589945, -162.86097803954723, -162.41965217922035, -162.74815473532112, -162.6236262329505, -162.82357572529253, -162.70903689081436, -162.4899566543541, -162.56333800083527, -162.8362987765379, -162.8763515932112, -162.75678592475296, -162.8038745227406, -162.73346904346542, -163.0988586730903, -162.91405957313555, -163.02946631488322, -162.7382268687501, -162.6777920404016, -162.76193454636916, -162.6156571016067, -162.83645732449781, -162.9955125056921, -162.68268578994807, -162.52677476038912, -162.73852827758273, -162.80713352747247, -162.76476068885844, -162.86442860836507, -162.66879190815547, -162.6055196744276, -162.69855322688653, -162.83206986052429, -162.7869733594276, -162.86655099449578, -162.74521302278927], "volumes": [15.527154828181603, 19.70697265980067, 15.150374079096924, 20.27905179545625, 21.007639675856876, 16.87467256754923, 18.476310854470647, 17.40015462215894, 19.747365929628405, 19.771299608852516, 30.688732350195117, 30.45849284936095, 20.995660407943006, 21.156355823894017, 17.090374623117416, 16.777820928167042, 21.865828162460648, 15.177050454003576, 26.826965183573837, 26.67226627243813, 18.895596773322897, 17.35353011935865, 18.3725515128397, 33.07627101813171, 23.20926679818009, 19.617463056361608, 17.231954420080378, 50.14104086858224, 18.293827438086396, 21.670692351161545, 17.827948838463048, 31.201293135318835, 18.573891826929252, 15.697838201124116, 20.977258934087757, 18.169040225579973, 18.53736771832466, 15.28525212500614, 21.010108570879673, 17.824459783236822, 35.531767140037566, 25.362337904658276, 22.900375200420722, 21.062212276770115, 21.93561054540438, 19.1446906696594, 22.94016428248107, 19.100341471906813, 15.724391205560812, 2040.2207133880333, 18.422025533181547, 21.420597186330735, 23.626540332500834, 18.037709218312013, 21.11562735760069, 4177.702654020318, 18.93954822019733, 42.26723213712079, 26.15033988950977, 15.387156813329337, 25.682794556795127, 13.304890851526348, 17.505564787847472, 17.756192316534783, 19.632625738840794, 19.423953376917666, 33.30654577743973, 18.64916120791668, 17.218583478652647, 19.3336036055733, 18.473437456278056, 30.45796139212377, 27.011180569426404, 31.292556826862665, 20.416209239886687, 21.656913692060215, 18.882828296401147, 21.02819787599597, 21.631357414374364, 19.072486576595484, 20.44925802214255, 25.682530365615268, 16.753490561197093, 17.04191450696082, 28.379435173081106, 15.148029264861522, 21.66233777828943, 17.45520445352029, 41.20440773215651, 20.864049597734038, 18.2892546589413, 19.028036392373938, 19.837489290369323, 26.155319788637943, 28.130935421716398, 30.103855690604274, 21.066712746994956, 22.09004347671055, 18.10130249956422, 17.944775427174473]}