{"energies": [-159.82384599053327, -162.54020210720998, -158.54496821000004], "volumes": [302.24740352392365, 21.3546804311845, 1612.1725518817561]}