{"energies": [-171.1728248121794, -171.71460632571922, -169.6830415668864], "volumes": [41.655783419309316, 20.12575244617267, 40.65453729059259]}