{"energies": [-162.7752691570616, -163.4504285923964, -163.08865342206255, -163.25393135382205, -163.16329399668723, -162.7500553041986, -162.4987543320819, -162.9578572768325, -162.7199631422282, -163.20626003177412, -163.2295153985619, -163.10093756180524, -163.1932652658301, -162.20628612598676, -162.71393774790593, -162.98469821543566, -163.55724807672811, -163.2541870803475, -162.7353771970999, -163.0841366230031, -163.2714238345892, -163.01042601042127, -163.2229712785243, -162.45393384509018, -162.92327515927224, -162.79032024555914, -162.75865292527334, -163.23397636310716, -162.88259187461196, -163.81410031502395, -163.05549050909343, -163.1292103924453, -163.24898355402678, -163.40851352958984, -162.95450141060638, -162.8383635048159, -162.9652956748183, -162.87611160627617, -163.53526995954638, -163.35041010584084, -162.66875214526115, -163.2261060950788, -162.96789057314885, -163.14197921166428, -162.80227931832644, -163.01732094912126, -163.50167515276067, -163.41793901441596, -162.7861743544219, -162.92749540055985], "volumes": [15.648810395635598, 23.71917774820216, 18.37712223522584, 24.02280497471779, 24.64747712254514, 17.523348854707894, 17.222161219905463, 21.906771214174498, 25.643481212102238, 21.26775267999624, 23.57335824400537, 27.30952564273962, 27.773508016433613, 26.53222650833128, 20.694537391140578, 25.16699913555454, 30.14147103622654, 22.311771116979347, 27.133874909338036, 20.00081533483307, 23.60693488657532, 21.70186175967866, 21.247489833626293, 25.524236669883525, 19.500225298683812, 18.259844981076625, 20.63377352430471, 35.8730947148123, 20.92690349545992, 22.770645594350935, 17.86753318797091, 26.76833666209116, 19.524761524619645, 27.059301146903227, 20.200400643340966, 15.314312049939543, 18.932743923910476, 18.847527872371295, 27.12675875666818, 22.147236992417163, 33.67086241770841, 20.314714011352915, 20.88548411021743, 21.12313260453895, 20.85837688038915, 20.7449949972856, 22.06304540250959, 22.601283821490288, 16.66382222029062, 19.293563172097883]}