{"bulk_struct_test": "bulk_Si_diamond", "bulk_E_per_atom": -163.17578169847914, "defects": {"ind_0_Z_14": {"Ef0": 3.8450487167665415, "Ef": 3.695375634213633, "unrelaxed_filename": "Si-model-ACE_B6_N7_18_lap_1.1-test-point_defect_Si_diamond_vacancy-ind_0_Z_14-unrelaxed.xyz", "relaxed_filename": "Si-model-ACE_B6_N7_18_lap_1.1-test-point_defect_Si_diamond_vacancy-ind_0_Z_14-relaxed.xyz", "atom_ind": 0, "Z": 14, "vac_pos": [2.7115142034928814, 2.7116000748255744, 0.013099243761807183]}}}