{"surface_decohesion_unrelaxed_opening": [0.0, 0.09999999999999999, 0.19999999999999998, 0.3, 0.39999999999999997, 0.5, 0.6, 0.7000000000000001, 0.7999999999999999, 0.8999999999999999, 1.0, 1.1, 1.2, 1.3, 1.4000000000000001, 1.5, 1.5999999999999999, 1.7, 1.7999999999999998, 1.9, 2.0, 2.1, 2.2, 2.3, 2.4, 2.5, 2.6, 2.7, 2.8000000000000003, 2.9000000000000004, 3.0, 3.0999999999999996, 3.1999999999999997, 3.3, 3.4, 3.5], "surface_decohesion_unrelaxed_energy": [0.0, 0.002091365047031155, 0.009150937013698332, 0.0203384665650701, 0.03477227276929974, 0.05159916575881191, 0.0699767304974851, 0.0890258612074957, 0.10785541271989825, 0.12567919388142168, 0.1419833753026946, 0.15666859131188635, 0.1697111326831648, 0.1811320937159552, 0.19109536102295815, 0.1998070817461601, 0.20748730988036418, 0.21436995296548955, 0.22071249887763206, 0.22679003487430907, 0.23285803029820984, 0.23894205288094944, 0.24382352167005888, 0.24748280650985957, 0.2502233457204507, 0.2523157577867467, 0.25400914334069535, 0.2555240246578004, 0.2570297246751251, 0.2586190786060806, 0.260295456134868, 0.26198163184204093, 0.263550728054541, 0.26487065442134666, 0.2658483855481037, 0.26646025626720876], "surface_decohesion_unrelaxed_stress": [-0.006685583021655234, 0.047133784515385, 0.09267855537106529, 0.12956503954152226, 0.15770135913088767, 0.17745049974718127, 0.18863037372594754, 0.19082886880954142, 0.18441461770828388, 0.17111264057510397, 0.15497369747518844, 0.13867449243808166, 0.12216105418659194, 0.1065863629376136, 0.0930203442567533, 0.08158190094152298, 0.07241051769933649, 0.0656621648410158, 0.06169649285463623, 0.06015432100502341, 0.06205216574260383, 0.05619755622377208, 0.04212235051777592, 0.031535650572427944, 0.0237297687042691, 0.018533812917108636, 0.015708908234636484, 0.014878560275958783, 0.015394290694420719, 0.016395895394761297, 0.016994071518819966, 0.016504415608771552, 0.014646423636288028, 0.011580567225246963, 0.007961032269602548, 0.004263359072206315]}