{"surface_decohesion_unrelaxed_opening": [0.0, 0.1, 0.2, 0.30000000000000004, 0.4, 0.5, 0.6000000000000001, 0.7, 0.8, 0.8999999999999999, 1.0, 1.0999999999999999, 1.2000000000000002, 1.3, 1.4, 1.5, 1.6, 1.7, 1.7999999999999998, 1.9, 2.0, 2.0999999999999996, 2.1999999999999997, 2.3000000000000003, 2.4000000000000004, 2.5, 2.6, 2.7, 2.8, 2.9, 3.0], "surface_decohesion_unrelaxed_energy": [0.0, 0.001117962513718447, 0.004445862124609191, 0.00924681973320771, 0.015101835562783873, 0.021733266123698573, 0.028878344132799286, 0.03626264414524218, 0.0436221687599839, 0.050712475679987094, 0.057324779920366505, 0.06324897981328181, 0.0684410301404064, 0.07301365672059922, 0.07698889812395993, 0.08042669720169529, 0.08339162565706164, 0.08588740658372603, 0.08792795836769143, 0.08946695749886299, 0.09066762501173475, 0.09173200540261436, 0.0926811868621806, 0.09351154901592372, 0.09422149492803178, 0.09480101396594673, 0.0952730704194172, 0.0956455885316292, 0.09593004412322981, 0.0961377525001891, 0.09627665891734526], "surface_decohesion_unrelaxed_stress": [-0.002577605462550652, 0.023583083179982776, 0.04162113648089526, 0.05379808748111401, 0.06286571673988929, 0.06933243727405458, 0.07309979126435467, 0.07414973831483529, 0.07261599429184266, 0.06888123056014164, 0.06293741827906904, 0.055464220322424096, 0.0486932070324307, 0.0427032587673739, 0.036929797404680484, 0.03196876604678738, 0.02727696440122128, 0.02274465780924989, 0.017834385680673286, 0.013304326922166033, 0.011138305951961046, 0.010093886382530198, 0.008893004031294201, 0.0077204058915736895, 0.0064346143779454145, 0.0052250850973355936, 0.004212309974276215, 0.003262911976034018, 0.002445253235965988, 0.001720994136898471, 0.0010692140399030927]}