{"bulk_struct_test": "bulk_Si_diamond", "bulk_E_per_atom": -163.17598392160107, "defects": {"ind_0_Z_14": {"Ef0": 3.8695748907284724, "Ef": 3.6732338007932412, "unrelaxed_filename": "Si-model-ACE_B14_N7_18_rrqr_1.0e-16-test-point_defect_Si_diamond_vacancy-ind_0_Z_14-unrelaxed.xyz", "relaxed_filename": "Si-model-ACE_B14_N7_18_rrqr_1.0e-16-test-point_defect_Si_diamond_vacancy-ind_0_Z_14-relaxed.xyz", "atom_ind": 0, "Z": 14, "vac_pos": [2.707015020383669, 2.7070875200991624, 0.010314906958067287]}}}