{"energies": [-162.76809843638512, -162.8354154136316, -163.52951903100427], "volumes": [15.899184434140903, 20.932616025247555, 27.425315703461493]}