{"bulk_struct_test": "bulk_Si_diamond", "bulk_E_per_atom": -163.17577041906526, "defects": {"ind_0_Z_14": {"Ef0": 3.855895796245022, "Ef": 3.6964783217717923, "unrelaxed_filename": "Si-model-ACE_B14_N7_18_lap_1.05-test-point_defect_Si_diamond_vacancy-ind_0_Z_14-unrelaxed.xyz", "relaxed_filename": "Si-model-ACE_B14_N7_18_lap_1.05-test-point_defect_Si_diamond_vacancy-ind_0_Z_14-relaxed.xyz", "atom_ind": 0, "Z": 14, "vac_pos": [2.709642276046957, 2.709712649065792, 0.013530822163987176]}}}