{"bulk_struct_test": "bulk_Si_diamond", "bulk_E_per_atom": -163.17591195239024, "defects": {"ind_0_Z_14": {"Ef0": 3.8548595309239317, "Ef": 3.6950993749906047, "unrelaxed_filename": "Si-model-ACE_B14_N7_18_rid_1.10-test-point_defect_Si_diamond_vacancy-ind_0_Z_14-unrelaxed.xyz", "relaxed_filename": "Si-model-ACE_B14_N7_18_rid_1.10-test-point_defect_Si_diamond_vacancy-ind_0_Z_14-relaxed.xyz", "atom_ind": 0, "Z": 14, "vac_pos": [2.7090021183319086, 2.709120592654864, 0.012968294000936343]}}}