{"bulk_struct_test": "bulk_Si_diamond", "bulk_E_per_atom": -163.17487186993057, "defects": {"ind_0_Z_14": {"Ef0": 2.7255971144059004, "Ef": 2.424697163158271, "unrelaxed_filename": "Si-model-ACE_test-test-point_defect_Si_diamond_vacancy-ind_0_Z_14-unrelaxed.xyz", "relaxed_filename": "Si-model-ACE_test-test-point_defect_Si_diamond_vacancy-ind_0_Z_14-relaxed.xyz", "atom_ind": 0, "Z": 14, "vac_pos": [2.7129117258065887, 2.71265293035731, -0.014365187197416529]}}}