{"bulk_struct_test": "bulk_Si_diamond", "bulk_E_per_atom": -163.17675021686384, "defects": {"ind_0_Z_14": {"Ef0": 3.741708980029216, "Ef": 3.690810675139801, "unrelaxed_filename": "Si-model-ACE_N7_18_rrqr_E-12-test-point_defect_Si_diamond_vacancy-ind_0_Z_14-unrelaxed.xyz", "relaxed_filename": "Si-model-ACE_N7_18_rrqr_E-12-test-point_defect_Si_diamond_vacancy-ind_0_Z_14-relaxed.xyz", "atom_ind": 0, "Z": 14, "vac_pos": [2.7192393794946708, 2.719378791776058, 0.01677913083133444]}}}