{"energies": [-161.85044737371922, -158.54496821, -180.74871722279494], "volumes": [266.5781469633193, 12377.77507169722, 43.9528919878012]}