{"surface_decohesion_unrelaxed_opening": [0.0, 0.09999999999999999, 0.19999999999999998, 0.3, 0.39999999999999997, 0.5, 0.6, 0.7000000000000001, 0.7999999999999999, 0.8999999999999999, 1.0, 1.1, 1.2, 1.3, 1.4000000000000001, 1.5, 1.5999999999999999, 1.7, 1.7999999999999998, 1.9, 2.0, 2.1, 2.2, 2.3, 2.4, 2.5, 2.6, 2.7, 2.8000000000000003, 2.9000000000000004, 3.0, 3.0999999999999996, 3.1999999999999997, 3.3, 3.4, 3.5], "surface_decohesion_unrelaxed_energy": [0.0, 0.0009963991426100748, 0.004187289051947326, 0.009010239718949568, 0.015027018445620082, 0.021885839516473184, 0.02925691091250187, 0.036823462372370185, 0.04431765422956313, 0.05156913426435453, 0.058470575336272576, 0.06493300850384809, 0.07093560139321639, 0.07656709318105882, 0.08173271559419705, 0.0863390715744605, 0.09031561047587214, 0.0936316902990785, 0.09647305888262098, 0.09900504886163494, 0.10129685388875898, 0.10338477823808845, 0.1052813266360868, 0.10698489537892952, 0.10846141180420135, 0.10966471807650231, 0.11069596696928971, 0.11157118950038997, 0.11228536799183697, 0.11285001083083993, 0.11328676604697233, 0.1136121526261505, 0.11385083515089484, 0.11401390054592069, 0.11408949483030495, 0.11410791220251754], "surface_decohesion_unrelaxed_stress": [-0.002974780412688631, 0.02191960426231338, 0.04091503492185492, 0.0548354733404518, 0.06493495352652037, 0.07169270647917497, 0.0751909945632335, 0.07567200094480074, 0.07394330116940223, 0.07092495113712138, 0.06694452748339458, 0.06221316611410682, 0.058153589768493164, 0.054195015128241854, 0.04897977574795918, 0.04304523368197265, 0.03632613597440336, 0.030428784158954496, 0.026682179592243255, 0.024043254348764795, 0.021858653196837448, 0.019914014157491052, 0.018019472593032097, 0.01601160969561298, 0.013336643667953632, 0.011036496559755766, 0.009554025045672772, 0.007941545974183208, 0.006361821734013546, 0.004975807003260451, 0.0037768919070049834, 0.0027808792280376773, 0.002021664298520638, 0.0011849011709849633, 0.00039852139984254995, 4.136292755037293e-05]}