{"surface_decohesion_unrelaxed_opening": [0.0, 0.09999999999999999, 0.19999999999999998, 0.3, 0.39999999999999997, 0.5, 0.6, 0.7000000000000001, 0.7999999999999999, 0.8999999999999999, 1.0, 1.1, 1.2, 1.3, 1.4000000000000001, 1.5, 1.5999999999999999, 1.7, 1.7999999999999998, 1.9, 2.0, 2.1, 2.2, 2.3, 2.4, 2.5, 2.6, 2.7, 2.8000000000000003, 2.9000000000000004, 3.0, 3.0999999999999996, 3.1999999999999997, 3.3, 3.4, 3.5], "surface_decohesion_unrelaxed_energy": [0.0, 0.0010109720521223027, 0.004241635016300044, 0.009072559814878962, 0.015052792647772791, 0.02180954269049135, 0.028993724662958912, 0.036282725749190885, 0.043421710909015615, 0.05025445105415634, 0.05674405699259767, 0.06300644633228197, 0.06904409373913536, 0.07438354957020951, 0.07913892405497928, 0.0835282252963211, 0.0877791820464167, 0.09202962365543525, 0.09598923776426868, 0.09942447347307265, 0.10228616530131393, 0.104606410519878, 0.1064502006021912, 0.10792407338094993, 0.10918024605433997, 0.11037782438372182, 0.11138036107081006, 0.11218037947804817, 0.1128047553187313, 0.11327217555592331, 0.11359936068252145, 0.11380541542570623, 0.11391391535588896, 0.11395337680679, 0.11395763483246334, 0.11395762274679344], "surface_decohesion_unrelaxed_stress": [-0.0031865504087890267, 0.02230708326636765, 0.041207267832319774, 0.05471147828705315, 0.06428154796364974, 0.07027181612671926, 0.07285914798505702, 0.0724870836940385, 0.07003210462049075, 0.06653625697296275, 0.06349324999511888, 0.062050601390330605, 0.057305446839690174, 0.050040708388733514, 0.04537662908069306, 0.042793047071843116, 0.04265892237505782, 0.04161321420135083, 0.037189892355097835, 0.031472710907378534, 0.025827090126745285, 0.02067703998980131, 0.016385808940366377, 0.01330961008089147, 0.012277114300532492, 0.011194462800135006, 0.008948484993029075, 0.0070882500575389995, 0.005430342214452764, 0.003944263420903527, 0.0026307650156371567, 0.001529872610036221, 0.0006863847452447289, 0.00016342984149812765, -2.8519814007262012e-05, 7.802761463386591e-05]}