{"bulk_struct_test": "bulk_Si_diamond", "bulk_E_per_atom": -163.17590261501897, "defects": {"ind_0_Z_14": {"Ef0": 3.857050900318427, "Ef": 3.700178573722951, "unrelaxed_filename": "Si-model-ACE_B14_N7_18_rid_1.05-test-point_defect_Si_diamond_vacancy-ind_0_Z_14-unrelaxed.xyz", "relaxed_filename": "Si-model-ACE_B14_N7_18_rid_1.05-test-point_defect_Si_diamond_vacancy-ind_0_Z_14-relaxed.xyz", "atom_ind": 0, "Z": 14, "vac_pos": [2.7086892528280284, 2.7088084489887576, 0.012440931991886348]}}}