{"energies": [-162.77231902305832, -163.13949773441257, -163.5230139816144, -162.65525745205085, -162.38619890117448, -163.16276482023355, -163.0044813443058, -162.66091679492774, -163.56562361495108, -163.10801564443608, -163.72261108627953, -163.05389283750833, -162.67147900011358, -162.74156389691768, -162.98656317126026, -162.6143481418083, -162.78230851285124, -163.6338896598074, -164.35939633912713, -162.9332100367873, -162.50125933079266, -162.60937617848967, -163.44189952330944, -163.23850395554672, -162.93507619760408, -162.84436856162088, -163.4975158923005, -162.68848761925335, -163.25137182808584, -163.39268111882654, -162.89767196894948, -163.44108946283603, -162.7153011646235, -163.02532757904743], "volumes": [15.667649230620246, 21.96197610110419, 27.151845361011194, 43.555422162653365, 19.04047756654634, 33.55933321952306, 22.38169473747846, 20.890969171543443, 57.633800317986044, 39.05565234411155, 42.013944673576745, 27.94491341308403, 27.85082059466708, 63.274385862148016, 21.931631316398526, 29.097047474092527, 21.22302817526149, 32.05713434015492, 50.1812722043623, 18.982695537930123, 25.381050039709688, 35.809265524879464, 39.92082186221156, 18.662588350875627, 19.10377711670281, 21.35267091273904, 26.389942010132163, 39.00691040099512, 22.57359523716138, 20.092315178457937, 19.045822865065333, 30.808428702075577, 15.340335958587474, 31.34746544145012]}