{"energies": [-162.77247835551066, -163.0804894198727, -158.54496821000004], "volumes": [15.74607328878368, 21.44530780822644, 407771383022.4642]}