{"surface_decohesion_unrelaxed_opening": [0.0, 0.09999999999999999, 0.19999999999999998, 0.3, 0.39999999999999997, 0.5, 0.6, 0.7000000000000001, 0.7999999999999999, 0.8999999999999999, 1.0, 1.1, 1.2, 1.3, 1.4000000000000001, 1.5, 1.5999999999999999, 1.7, 1.7999999999999998, 1.9, 2.0, 2.1, 2.2, 2.3, 2.4, 2.5, 2.6, 2.7, 2.8000000000000003, 2.9000000000000004, 3.0, 3.0999999999999996, 3.1999999999999997, 3.3, 3.4, 3.5], "surface_decohesion_unrelaxed_energy": [0.0, 0.0021012272362817214, 0.009179867266247924, 0.02042075889617412, 0.034874878290180676, 0.05154036145832871, 0.06951288507420705, 0.08803296352336305, 0.10645474027998143, 0.12416140126552519, 0.14071436896483586, 0.15581523661757357, 0.1693795228751012, 0.18141966399794449, 0.19200083921460775, 0.20128504957852417, 0.2095013230968029, 0.21688030622273746, 0.22357730790391434, 0.2296033459796157, 0.2347632266887717, 0.2387358591631632, 0.24215095216896704, 0.24527488779402823, 0.24818857439367176, 0.25092184100181186, 0.2534621576582956, 0.25577538511240405, 0.2578308683076662, 0.25962214372109355, 0.2611770169816732, 0.2625547540119555, 0.2638275742960972, 0.26498773972452194, 0.26605925768461886, 0.267043292024921], "surface_decohesion_unrelaxed_stress": [-0.006489384713531934, 0.047206632885202986, 0.09305887116015772, 0.13014383227093823, 0.1572161304740715, 0.17457972269741312, 0.18360518225706784, 0.18577761022534428, 0.18154003301478852, 0.17191538998036804, 0.15858726760936867, 0.143350600143607, 0.12796494912416506, 0.11292242477086016, 0.0989848419775917, 0.08709977473616409, 0.07763057554360636, 0.07023562241581169, 0.0637064790064888, 0.056629654264579, 0.04535246748091577, 0.03593587131818426, 0.03253581165220553, 0.03009174099894251, 0.028225891093169166, 0.026413290861889264, 0.024328443397988155, 0.021879258863924923, 0.0192158406274287, 0.01666013688704506, 0.014528072044600911, 0.01320588366040822, 0.012165112746489804, 0.011123236730626216, 0.010292441986654405, 0.009373564334728126]}