{"surface_decohesion_unrelaxed_opening": [0.0, 0.09999999999999999, 0.19999999999999998, 0.3, 0.39999999999999997, 0.5, 0.6, 0.7000000000000001, 0.7999999999999999, 0.8999999999999999, 1.0, 1.1, 1.2, 1.3, 1.4000000000000001, 1.5, 1.5999999999999999, 1.7, 1.7999999999999998, 1.9, 2.0, 2.1, 2.2, 2.3, 2.4, 2.5, 2.6, 2.7, 2.8000000000000003, 2.9000000000000004, 3.0, 3.0999999999999996, 3.1999999999999997, 3.3, 3.4, 3.5], "surface_decohesion_unrelaxed_energy": [0.0, 0.002214216072930787, 0.009461821384555445, 0.02085811868571215, 0.03533474250206588, 0.0517971390076175, 0.06962025942727602, 0.08852635326814018, 0.10780787140282524, 0.12621436223807989, 0.14274514053342768, 0.15670591542600484, 0.16897805846315234, 0.17991097294541103, 0.18971299849011128, 0.19847659683520397, 0.20596584571082602, 0.21171913782021548, 0.21549164817279565, 0.21765320850571984, 0.21950725686766262, 0.22298698699133138, 0.22718606175332726, 0.23211299855180195, 0.23780394598100024, 0.2439889143911232, 0.25019782055314216, 0.2558864841122078, 0.2605845549571658, 0.2640001155503994, 0.26604493213721153, 0.2667850714702861, 0.26633072373554906, 0.26509384864987445, 0.2635820698298214, 0.2619140257357683], "surface_decohesion_unrelaxed_stress": [-0.005838924966835248, 0.048716176674114105, 0.09482885980704214, 0.13128546248115816, 0.15621692379363797, 0.17201745200145027, 0.18427877595686593, 0.19274387198676507, 0.190374095362552, 0.17640001566121988, 0.15214391591063908, 0.12977091633397259, 0.11575995664521221, 0.10334098266736146, 0.09292431349410742, 0.08193048005000042, 0.06693918292733683, 0.04758901779099836, 0.028478819767756576, 0.016517823703104666, 0.025918146265833084, 0.0398229458019092, 0.04515421709646768, 0.053340532626338394, 0.0600201792283704, 0.06285622563981749, 0.06037115537661683, 0.05258624448625483, 0.040885898799072326, 0.027279103463197805, 0.013809002749509719, 0.0010335631353653096, -0.00936950734084271, -0.01429221838434079, -0.015921236293625685, -0.01741752386434285]}