{"energies": [-162.5234500712684, -162.6447266267986, -162.4967772060158], "volumes": [24.01452988725728, 16.83918277612726, 36.59722224578713]}