{"energies": [-162.17123025473026, -162.91317616792378, -165.4319956592676, -163.92864468433262, -162.44273503122116, -164.49448004695188, -162.8195387631821, -162.77713712380086, -165.37826942506268, -162.77663271102378, -170.88403514315644, -162.67179304863762, -162.72109343913866, -162.56649241258913, -162.80427379811994, -162.60440512166994, -162.75390914125546, -168.62446974349348, -162.45080116990974, -163.05693578534087, -162.75796230499438, -162.39234301198877, -162.76987763425277, -164.83063109653253, -162.94994841686128, -162.73163436256348, -162.86626860269976, -165.2889716795458, -162.97944931635723, -167.65576137735925, -162.89174123394082, -162.80464950999698, -162.9058229067338, -162.84647217044113], "volumes": [17.833727706787094, 20.736050683137137, 24.25687022674505, 46.28584681061535, 18.57134060103146, 31.435242517814427, 20.378316328585438, 20.397926817818906, 27.435061962395142, 25.468236165565642, 27.17766858157119, 19.87440530055948, 24.336530880962236, 29.396450975999453, 16.88125141086701, 25.403907667100203, 23.801551869704447, 22.91651402062051, 31.3034152683976, 20.605245912433308, 18.68011461174694, 30.52317396955286, 17.132344090803436, 33.96457925530759, 18.499464271610712, 18.558843578841074, 21.135307064510336, 26.747291943152007, 23.41312731100527, 21.750530038583733, 21.65156081488682, 19.60612752800032, 19.71114879788366, 20.945413487738257]}