{"surface_decohesion_unrelaxed_opening": [0.0, 0.09999999999999999, 0.19999999999999998, 0.3, 0.39999999999999997, 0.5, 0.6, 0.7000000000000001, 0.7999999999999999, 0.8999999999999999, 1.0, 1.1, 1.2, 1.3, 1.4000000000000001, 1.5, 1.5999999999999999, 1.7, 1.7999999999999998, 1.9, 2.0, 2.1, 2.2, 2.3, 2.4, 2.5, 2.6, 2.7, 2.8000000000000003, 2.9000000000000004, 3.0, 3.0999999999999996, 3.1999999999999997, 3.3, 3.4, 3.5], "surface_decohesion_unrelaxed_energy": [0.0, 0.000999612932842561, 0.00418332143188991, 0.008984518691232249, 0.014981321781645268, 0.02184074594024545, 0.029246930944313864, 0.03687258434144724, 0.044421448938197924, 0.051700293445244634, 0.05857970320729915, 0.06495612629088737, 0.07079531946785479, 0.07624209502854261, 0.08126143682702597, 0.08578222324022074, 0.08971325365540102, 0.0929774373054287, 0.09578463783683272, 0.09831399538772573, 0.10064321325551809, 0.10279588804491618, 0.10476511166682553, 0.10653057490219953, 0.10801676839443274, 0.10912792219176767, 0.1100455947163968, 0.11083603706802314, 0.11151822928602656, 0.11210568319418103, 0.11260354717961757, 0.1130087463751992, 0.11333863418157027, 0.11358119357790732, 0.1136937681763233, 0.11370072507898388], "surface_decohesion_unrelaxed_stress": [-0.0029223540498776305, 0.021915609933089202, 0.040759557274218136, 0.054593333721728976, 0.06480711833152658, 0.07186501042256052, 0.07570111485828915, 0.07628568218033635, 0.07439169623688804, 0.07097880598603423, 0.0664407078920109, 0.06093334781520377, 0.0562943886638445, 0.052468159659074316, 0.04781649347499265, 0.042469712791300226, 0.0358591602110583, 0.029950068320706437, 0.026482091949066866, 0.024218306351935698, 0.022401945203750752, 0.02063069254877522, 0.018732236940370996, 0.016480965408240622, 0.012893603254884173, 0.009865040259267937, 0.008511025366965401, 0.007334304560534653, 0.006330793479788417, 0.005431905305046676, 0.004501122107755602, 0.003655501694477057, 0.0029294811729188575, 0.0017999896950912626, 0.0005245798893054212, -0.0003123642200166668]}