{"surface_decohesion_unrelaxed_opening": [0.0, 0.09999999999999999, 0.19999999999999998, 0.3, 0.39999999999999997, 0.5, 0.6, 0.7000000000000001, 0.7999999999999999, 0.8999999999999999, 1.0, 1.1, 1.2, 1.3, 1.4000000000000001, 1.5, 1.5999999999999999, 1.7, 1.7999999999999998, 1.9, 2.0, 2.1, 2.2, 2.3, 2.4, 2.5, 2.6, 2.7, 2.8000000000000003, 2.9000000000000004, 3.0, 3.0999999999999996, 3.1999999999999997, 3.3, 3.4, 3.5], "surface_decohesion_unrelaxed_energy": [0.0, 0.000997020395023019, 0.004184771099180596, 0.008995214149119407, 0.015004609876515747, 0.021871973320777713, 0.0292722898965841, 0.03687501861170862, 0.044391993097441726, 0.051648945661084085, 0.058525647580521374, 0.06493050848945833, 0.07082841851285054, 0.07633734620176973, 0.08141324019887611, 0.08597258426361983, 0.08991177829724051, 0.09314925554938629, 0.09590529216151936, 0.09837454696168368, 0.10065560197108774, 0.10278328573853204, 0.10475337177092844, 0.10654522882210446, 0.1080720253950577, 0.10922922427271642, 0.11019382595939828, 0.11102543878283662, 0.11174050052108199, 0.11234961604517311, 0.11285440664503495, 0.11325126106749434, 0.11356861645148165, 0.11379414988703375, 0.11388912374507623, 0.11388220511780364], "surface_decohesion_unrelaxed_stress": [-0.002987173540427865, 0.02192571846839561, 0.04082743264226331, 0.05471036358544288, 0.0649262763360195, 0.07188730622022824, 0.07555489938511825, 0.07598445496722556, 0.07409837677170905, 0.0708398494272028, 0.0665518600118683, 0.061399595376551416, 0.05693288645180156, 0.053073990185582835, 0.048315803386634125, 0.04271993812338472, 0.03576058707075866, 0.029537852166574778, 0.025893420191307956, 0.02364720943711511, 0.022027036347283237, 0.02050680847920316, 0.018878823731123758, 0.016836189103474217, 0.013336028578858489, 0.010339560099450532, 0.00895974795355594, 0.00770788338993237, 0.006608955337226717, 0.005581613131254027, 0.004481775856345289, 0.003540634113001976, 0.0027819818850497585, 0.0016181029329820336, 0.00036082519085848706, -0.0004197467733197537]}