{"energies": [-162.77898813497254, -163.0079685640345, -163.21882663441468, -162.29447732628415, -162.43141969665422, -162.8917771410418, -162.8412488341257, -162.79473787245382, -162.99633514396868, -162.66147177600374, -162.83749606156474, -162.68825109131376, -162.59638384820764, -162.3113958487554, -162.77415980744115, -162.69701936700739, -162.7249113826096, -162.84253097977856, -158.54496821, -163.0591912907852, -162.73721149369518, -163.0515726957652, -162.6397392769383, -162.71163077575468, -162.94229388161196, -162.70437924233678, -162.87373816269846, -162.77394099569193, -162.96187142587348, -162.77578055159853, -162.8824101839538, -163.0072320703345, -162.67660793701745, -162.84358801586686], "volumes": [15.5027958883253, 20.807940991522127, 25.359615643311212, 37.874347876049185, 18.52794057662082, 28.51141888598767, 22.02526500377728, 19.614729172603393, 44.67525445509006, 28.72908653359291, 21.41201215497332, 17.721579473389646, 30.063491405975057, 34.35884543942584, 17.216058820096116, 19.550052495748314, 23.31389325767502, 20.55991371718963, 3190.303819774333, 20.48852717449906, 18.099774106226537, 23.191147777083405, 17.207597229975054, 25.894416196494305, 18.55116781027167, 18.430045892608007, 19.793679967995576, 22.395737724478337, 22.950733493928546, 21.89792465207601, 19.61141434494363, 19.637716475935754, 16.014221421480766, 20.557736495600082]}