{"bulk_struct_test": "bulk_Si_diamond", "bulk_E_per_atom": -163.17636561081036, "defects": {"ind_0_Z_14": {"Ef0": 3.904067746610963, "Ef": 3.7321736538906407, "unrelaxed_filename": "Si-model-GAP-test-point_defect_Si_diamond_vacancy-ind_0_Z_14-unrelaxed.xyz", "relaxed_filename": "Si-model-GAP-test-point_defect_Si_diamond_vacancy-ind_0_Z_14-relaxed.xyz", "atom_ind": 0, "Z": 14, "vac_pos": [2.6972777461140325, 2.6971204213654327, 0.0015506713980585124]}}}