{"surface_decohesion_unrelaxed_opening": [0.0, 0.09999999999999999, 0.19999999999999998, 0.3, 0.39999999999999997, 0.5, 0.6, 0.7000000000000001, 0.7999999999999999, 0.8999999999999999, 1.0, 1.1, 1.2, 1.3, 1.4000000000000001, 1.5, 1.5999999999999999, 1.7, 1.7999999999999998, 1.9, 2.0, 2.1, 2.2, 2.3, 2.4, 2.5, 2.6, 2.7, 2.8000000000000003, 2.9000000000000004, 3.0, 3.0999999999999996, 3.1999999999999997, 3.3, 3.4, 3.5], "surface_decohesion_unrelaxed_energy": [0.0, 0.0010393840556652664, 0.004201070935090306, 0.008987726114191097, 0.014933783182858762, 0.02185108988486591, 0.029754081976932977, 0.03844261525960193, 0.04731872610425975, 0.05557973992098291, 0.06286920130981932, 0.06919927595516126, 0.07490753424799741, 0.08006354539510846, 0.08442647970299988, 0.08787829437441545, 0.09059607840258435, 0.09291727699564291, 0.09517166491437, 0.09728471673231637, 0.09915014244870882, 0.10067930713613743, 0.10181337371660346, 0.10263542909784895, 0.1035794443849038, 0.10494670574382929, 0.10608574808202059, 0.10683312870660523, 0.1073199855801678, 0.1076262299724867, 0.10778427642170493, 0.10782591245128059, 0.10780390235849478, 0.10793498756736354, 0.10843954078892339, 0.10919021345097694], "surface_decohesion_unrelaxed_stress": [-0.0018526609158490141, 0.021822848352302936, 0.04059339555934647, 0.05425383116608623, 0.06437264720936217, 0.07415649311670915, 0.08361034414602803, 0.08914789154125906, 0.08673741350873979, 0.07801619426521209, 0.06771206559719811, 0.059721624371345663, 0.054551425062762324, 0.04800075857602024, 0.03901390428323069, 0.03038609367026763, 0.024529682023233197, 0.022664656873623644, 0.022079285835841022, 0.020041391883215538, 0.01710947266146115, 0.013358429585572231, 0.009353747033087821, 0.007910241133421637, 0.01198740848223821, 0.013478424317035971, 0.00928800516312076, 0.005962243913759652, 0.003890144126256766, 0.002270217557655969, 0.0009577108892333561, -0.00011058675077238323, 7.341421755303494e-05, 0.0030891833630491247, 0.006639005243107403, 0.008011572172923191]}