{"energies": [-162.52344771527328, -162.64472747787053, -162.49677581886687, -162.38851987360064, -162.52425889890588, -162.75536245715162, -162.63770854741128, -162.84096820067498, -162.44702915726816, -162.9162865387051], "volumes": [24.01491692534213, 16.848923066640793, 36.59393058714123, 41.93356784139305, 29.26808981673874, 16.52064757988592, 23.34956734063869, 19.814431137621707, 43.17507770424179, 19.932712386337162]}