{"surface_decohesion_unrelaxed_opening": [0.0, 0.1, 0.2, 0.30000000000000004, 0.4, 0.5, 0.6000000000000001, 0.7, 0.8, 0.8999999999999999, 1.0, 1.0999999999999999, 1.2000000000000002, 1.3, 1.4, 1.5, 1.6, 1.7, 1.7999999999999998, 1.9, 2.0, 2.0999999999999996, 2.1999999999999997, 2.3000000000000003, 2.4000000000000004, 2.5, 2.6, 2.7, 2.8, 2.9, 3.0], "surface_decohesion_unrelaxed_energy": [0.0, 0.0011217204440702748, 0.004455533801489412, 0.009286907246021839, 0.01516928079896215, 0.021710110589770328, 0.028544588191853317, 0.03540096284672212, 0.042095777122342345, 0.0484769305524375, 0.05440535125691019, 0.05979926179119282, 0.06469638237347383, 0.06917975734876615, 0.07334688162777403, 0.07730345364968616, 0.08109908085198407, 0.08457008921152212, 0.08765805412039293, 0.09032820252568714, 0.09239324591266125, 0.09385681643353004, 0.09484189521437765, 0.09544929221379561, 0.09576611439184314, 0.09587191545561577, 0.09584137751248281, 0.0957431086614191, 0.0956350469487304, 0.09555778912373425, 0.09552770991736315], "surface_decohesion_unrelaxed_stress": [-0.002452001858790577, 0.02358203987382157, 0.041789856408186665, 0.054214138551978625, 0.06276599930808102, 0.06741796452815196, 0.06882136436604594, 0.06802214571621804, 0.06562572068375282, 0.06175400272023243, 0.05664549247235326, 0.05133396455301449, 0.04674958281249699, 0.04308257092419625, 0.04043511111972481, 0.03888787362450553, 0.0365793711085543, 0.0327937087963562, 0.029014991758287013, 0.023889723595446617, 0.017481867627975326, 0.012041223127938419, 0.007812718911763057, 0.004482174632976638, 0.0019851578802948487, 0.00025589110044938075, -0.0007508286629015486, -0.00111678027474485, -0.0009719671506913671, -0.0005549372530338704, -2.839477819080447e-05]}