{"surface_decohesion_unrelaxed_opening": [0.0, 0.09999999999999999, 0.19999999999999998, 0.3, 0.39999999999999997, 0.5, 0.6, 0.7000000000000001, 0.7999999999999999, 0.8999999999999999, 1.0, 1.1, 1.2, 1.3, 1.4000000000000001, 1.5, 1.5999999999999999, 1.7, 1.7999999999999998, 1.9, 2.0, 2.1, 2.2, 2.3, 2.4, 2.5, 2.6, 2.7, 2.8000000000000003, 2.9000000000000004, 3.0, 3.0999999999999996, 3.1999999999999997, 3.3, 3.4, 3.5], "surface_decohesion_unrelaxed_energy": [0.0, 0.002065377177888843, 0.00900829516227283, 0.019962164008650037, 0.03403340032826824, 0.05036328288580072, 0.06816490886847155, 0.08671696300032128, 0.1053387594963347, 0.12333469279790622, 0.14012014425476768, 0.15529980742881652, 0.1687931617003999, 0.18064187176612412, 0.1910097287277626, 0.2001677012208342, 0.2084057869536465, 0.21595406100288314, 0.22293007384751426, 0.2293130202031856, 0.23491935650870938, 0.23943976491889968, 0.24313027691824365, 0.24620131546622875, 0.2487900969118955, 0.25101102489425514, 0.2529537794761145, 0.2546861646754986, 0.2562593890824094, 0.2577139990351445, 0.25908489044964933, 0.2604042839360793, 0.2616995425905216, 0.2629350813516811, 0.2640944023295372, 0.265166274768587], "surface_decohesion_unrelaxed_stress": [-0.006593823257871701, 0.04647142131350636, 0.0909569928720312, 0.1266042121212047, 0.15337931362301188, 0.1719120997012678, 0.18291754377801678, 0.18702812862228124, 0.184185460568754, 0.17476192303025206, 0.1602083900632258, 0.14335795564415355, 0.1265503107291277, 0.11070273155856138, 0.097135773857506, 0.08652905665271901, 0.07862974630813568, 0.07254275157620714, 0.06692785420306852, 0.06051460762059324, 0.05069219515041297, 0.0405189532491773, 0.03355960413890137, 0.028089146615088594, 0.02387840921030462, 0.02068849938448384, 0.018278070178329706, 0.01645341333950083, 0.015076564652514165, 0.014075358839821268, 0.013387041005397421, 0.013085024166628895, 0.01271242655425872, 0.011989192084394518, 0.011176597278628245, 0.01024022130826834]}