{"surface_decohesion_unrelaxed_opening": [0.0, 0.09999999999999999, 0.19999999999999998, 0.3, 0.39999999999999997, 0.5, 0.6, 0.7000000000000001, 0.7999999999999999, 0.8999999999999999, 1.0, 1.1, 1.2, 1.3, 1.4000000000000001, 1.5, 1.5999999999999999, 1.7, 1.7999999999999998, 1.9, 2.0, 2.1, 2.2, 2.3, 2.4, 2.5, 2.6, 2.7, 2.8000000000000003, 2.9000000000000004, 3.0, 3.0999999999999996, 3.1999999999999997, 3.3, 3.4, 3.5], "surface_decohesion_unrelaxed_energy": [0.0, 0.001009710630224859, 0.004227881181614717, 0.009064162411898936, 0.015089447806934905, 0.021950967126118937, 0.029300310576410908, 0.036799550508636016, 0.044184440149834275, 0.05130420742380706, 0.05812839873428792, 0.06475327927277115, 0.07115614139576809, 0.0768518117611377, 0.08182749352682324, 0.08618894708258135, 0.09009070198641625, 0.09364961566908493, 0.09673964622287651, 0.09930736804065947, 0.10150816698215714, 0.10351019857536929, 0.10539860088083171, 0.10716551721794597, 0.1087247973128635, 0.10997234003887874, 0.11095483891558018, 0.11169373879251554, 0.11221170028146131, 0.11255349938567064, 0.1127781510802028, 0.11294304478588628, 0.11308522930998811, 0.11320618749319054, 0.11326643489908002, 0.11326666623917583], "surface_decohesion_unrelaxed_stress": [-0.0030390994873184677, 0.022186358999944616, 0.041130098935981525, 0.05492679870635167, 0.0650097049982173, 0.07163852272737897, 0.07476208717654728, 0.07477063004194402, 0.07267927985837833, 0.06965195797967469, 0.06703164575653106, 0.06569361446312343, 0.061026176235381695, 0.05315765524634578, 0.04648376671088889, 0.04102133755340877, 0.03732713686326656, 0.03349017258863254, 0.028180499876010942, 0.023520399054559382, 0.020793526684170414, 0.019390410250054373, 0.01835784927584753, 0.01683775192385531, 0.014077035989686834, 0.011058788745381052, 0.008589057110289157, 0.006226945422566141, 0.004209002175880049, 0.002729863668566176, 0.0018650671120996926, 0.0014962298895040299, 0.0013623602234451478, 0.0009486104358435296, 0.0002793657059362191, -0.0002517108800297039]}