{"surface_decohesion_unrelaxed_opening": [0.0, 0.09999999999999999, 0.19999999999999998, 0.3, 0.39999999999999997, 0.5, 0.6, 0.7000000000000001, 0.7999999999999999, 0.8999999999999999, 1.0, 1.1, 1.2, 1.3, 1.4000000000000001, 1.5, 1.5999999999999999, 1.7, 1.7999999999999998, 1.9, 2.0, 2.1, 2.2, 2.3, 2.4, 2.5, 2.6, 2.7, 2.8000000000000003, 2.9000000000000004, 3.0, 3.0999999999999996, 3.1999999999999997, 3.3, 3.4, 3.5], "surface_decohesion_unrelaxed_energy": [0.0, 0.0010058380657380305, 0.00419250788495457, 0.008956617631947229, 0.01484068469036256, 0.02150067051632993, 0.028658956363260882, 0.036046891615080005, 0.04345116000499144, 0.05071324193813132, 0.05770858437331203, 0.06432729020297867, 0.07050442598144278, 0.07630936589408344, 0.08165846952810552, 0.08642701561484642, 0.090514317891588, 0.09387637750006879, 0.09674370831268074, 0.09929426890103049, 0.10161944979188145, 0.10376507041843212, 0.1057411781211359, 0.10749118257862302, 0.10891069032665202, 0.10992058842711167, 0.1107902419212973, 0.11158543409188847, 0.11229879161009837, 0.11293735275054707, 0.11350332102713767, 0.11398810139346674, 0.11436201386580136, 0.11457170564701082, 0.11456269549602092, 0.11442086465776999], "surface_decohesion_unrelaxed_stress": [-0.0029645575448693077, 0.022021929142201385, 0.0406520775247009, 0.053893147745271, 0.06322063565645468, 0.0695458961603912, 0.07314392988893031, 0.07426501724638951, 0.07356211037742894, 0.07147705093543494, 0.06825241693044809, 0.06393472928819247, 0.05988391416070549, 0.055991884802127974, 0.050769853030663774, 0.04445819469810787, 0.03707281908137963, 0.03073138553304503, 0.02688335141922321, 0.024271950818912147, 0.022301089681149, 0.02064773597854105, 0.018759816282318896, 0.016096363697910926, 0.011940095091522024, 0.009025431390660137, 0.008344727185196903, 0.0075410298118559, 0.0067476442314105805, 0.006025953022259438, 0.005284426190730479, 0.004358801502408618, 0.003041152959547197, 0.0009847142657256696, -0.0009595611158638303, -0.0016716994794955377]}