{"surface_decohesion_unrelaxed_opening": [0.0, 0.1, 0.2, 0.30000000000000004, 0.4, 0.5, 0.6000000000000001, 0.7, 0.8, 0.8999999999999999, 1.0, 1.0999999999999999, 1.2000000000000002, 1.3, 1.4, 1.5, 1.6, 1.7, 1.7999999999999998, 1.9, 2.0, 2.0999999999999996, 2.1999999999999997, 2.3000000000000003, 2.4000000000000004, 2.5, 2.6, 2.7, 2.8, 2.9, 3.0], "surface_decohesion_unrelaxed_energy": [0.0, 0.0012137817332503035, 0.004456680972768479, 0.009219977927273797, 0.01471365662505937, 0.021521371944298994, 0.03047471026078312, 0.04051287385100384, 0.05020028846885781, 0.05919791762697952, 0.06795899295876762, 0.077031607936249, 0.08524674834569486, 0.08980862360618061, 0.08967542397756983, 0.08508141388384667, 0.07795148053019484, 0.07035688553036958, 0.06545895032356985, 0.0674193361907262, 0.07394359152334888, 0.0810953168436684, 0.08807689528317607, 0.09418809682816745, 0.0989079806819534, 0.10192060513913838, 0.10311429488074934, 0.10258267506317227, 0.10064074953570855, 0.09784908575187493, 0.09502009391511035], "surface_decohesion_unrelaxed_stress": [0.0008309287791721697, 0.022864055374838155, 0.0414132789045296, 0.05166871482774822, 0.05962113135320417, 0.07888858027019094, 0.09765615663774457, 0.10023185037997623, 0.09318378808459123, 0.08758431056092959, 0.08924010436898439, 0.09046598124121753, 0.06752863227396198, 0.022729959760881126, -0.025588202361236486, -0.062193441985952794, -0.07735633311620126, -0.0701170761535545, -0.016951268468330533, 0.04979566983757464, 0.07230782511140146, 0.0712524493050863, 0.06668149046306981, 0.0548049883776042, 0.03903111798983169, 0.0210457889921983, 0.0029751520052540715, -0.013084299292198679, -0.02484431518768271, -0.029546119295990426, -0.02559087624630194]}