{"surface_decohesion_unrelaxed_opening": [0.0, 0.09999999999999999, 0.19999999999999998, 0.3, 0.39999999999999997, 0.5, 0.6, 0.7000000000000001, 0.7999999999999999, 0.8999999999999999, 1.0, 1.1, 1.2, 1.3, 1.4000000000000001, 1.5, 1.5999999999999999, 1.7, 1.7999999999999998, 1.9, 2.0, 2.1, 2.2, 2.3, 2.4, 2.5, 2.6, 2.7, 2.8000000000000003, 2.9000000000000004, 3.0, 3.0999999999999996, 3.1999999999999997, 3.3, 3.4, 3.5], "surface_decohesion_unrelaxed_energy": [0.0, 0.0021363433304895153, 0.009277402439695907, 0.02050113202897536, 0.034893029607769216, 0.051660624320419735, 0.07013498852168688, 0.08959128711173246, 0.10913843957091961, 0.1278937413668201, 0.14540424927734313, 0.16197066098755641, 0.17642402527707193, 0.18806077893008272, 0.1970887290481884, 0.2039334190172928, 0.20911649880939567, 0.2131825456797904, 0.2166803455208386, 0.22018445045763255, 0.22435308561422088, 0.22974442645545262, 0.2342876979257693, 0.2378950786373312, 0.24113181700906683, 0.24439496491234217, 0.24789268380241203, 0.2516508006959878, 0.2555405241373531, 0.25932399768602055, 0.26271440230776905, 0.26544420368485433, 0.2673308245471265, 0.2683261589161461, 0.2685368562215313, 0.2682066901404203], "surface_decohesion_unrelaxed_stress": [-0.006719308157776875, 0.047916593483023365, 0.09337500741656063, 0.1295270378053096, 0.1569856564044001, 0.1773151053204207, 0.19101268973144744, 0.19655401949317042, 0.19287476377285462, 0.18102055306804282, 0.1710173151476783, 0.15721777496333228, 0.13070486499085807, 0.1026663033490227, 0.07857103474654292, 0.059228760281111494, 0.045347016965230524, 0.0368569717328944, 0.03414049744647998, 0.03663818181644891, 0.04948897808919185, 0.05220518576138587, 0.03972864821171514, 0.03339978684811065, 0.03199577689477151, 0.03361369382313251, 0.036375451613053195, 0.03855957323402336, 0.03882146549908538, 0.03635047447061783, 0.03099298173092075, 0.023283778570710498, 0.014364571166965712, 0.005716593700182213, -0.0010499957355533422, -0.005100674029742953]}