{"surface_decohesion_unrelaxed_opening": [0.0, 0.09999999999999999, 0.19999999999999998, 0.3, 0.39999999999999997, 0.5, 0.6, 0.7000000000000001, 0.7999999999999999, 0.8999999999999999, 1.0, 1.1, 1.2, 1.3, 1.4000000000000001, 1.5, 1.5999999999999999, 1.7, 1.7999999999999998, 1.9, 2.0, 2.1, 2.2, 2.3, 2.4, 2.5, 2.6, 2.7, 2.8000000000000003, 2.9000000000000004, 3.0, 3.0999999999999996, 3.1999999999999997, 3.3, 3.4, 3.5], "surface_decohesion_unrelaxed_energy": [0.0, 0.0021037205807437976, 0.009131689227219486, 0.020189977906776645, 0.03434385492556913, 0.05072661229025633, 0.06858200287295796, 0.08723699180972426, 0.10604245712620554, 0.12443630046466175, 0.14166996319517083, 0.1569791845452948, 0.1704272492264842, 0.18199846970595904, 0.19174488642598625, 0.20000579131565102, 0.20730394348544726, 0.21418692090511654, 0.22102311796791196, 0.227784477810488, 0.23382885256394034, 0.23790589520435043, 0.24103304882014517, 0.2438719692755403, 0.24652760164541898, 0.24906968829259268, 0.25151359086033753, 0.2538203840889906, 0.25591260636806185, 0.2577023088510681, 0.2591239462138238, 0.26016268579706053, 0.2608784433618967, 0.26150120653613645, 0.26218104864246844, 0.26303003973900896], "surface_decohesion_unrelaxed_stress": [-0.006516686948365035, 0.047124772349669206, 0.09196827436627282, 0.12758984996622502, 0.15403729671931599, 0.1723599946609013, 0.18366716305874425, 0.1882827386881586, 0.18701550978605058, 0.1796344818157655, 0.16327174501984443, 0.1435650605238475, 0.1251865938241692, 0.10626711899940215, 0.08927404616328141, 0.076856344638233, 0.07007228706761659, 0.06828839477526703, 0.0683493683052573, 0.0662408391648468, 0.05085931291620656, 0.03396443098620069, 0.029408850825132934, 0.027382387848963345, 0.025898182537230637, 0.02495645251368609, 0.023855683855581296, 0.022141685955925895, 0.019548037552443994, 0.0161239066966218, 0.012296531033926274, 0.008501277547445802, 0.006333273218482177, 0.006321251750904805, 0.007459878195048765, 0.009704231555074097]}